"GWAS","LOC_NUM","GENE","Pubmed hits","Pubmed hits gene only"
"META5",1,"ADAM15",0,139
"META5",1,"ADAR",0,741
"META5",1,"AQP10",0,54
"META5",1,"ARHGEF2",0,41
"META5",1,"ASH1L",0,76
"META5",1,"ASH1L-AS1",0,0
"META5",1,"ATP8B2",1,14
"META5",1,"C1orf189",0,0
"META5",1,"C1orf43",0,4
"META5",1,"CHRNB2",1,135
"META5",1,"CKS1B",0,81
"META5",1,"CLK2",0,74
"META5",1,"CREB3L4",0,24
"META5",1,"CRTC2",0,174
"META5",1,"DAP3",0,65
"META5",1,"DCST1",0,14
"META5",1,"DCST1-AS1",0,11
"META5",1,"DCST2",0,2
"META5",1,"DENND4B",0,0
"META5",1,"DPM3",0,30
"META5",1,"EFNA1",0,72
"META5",1,"EFNA3",1,48
"META5",1,"EFNA4",0,31
"META5",1,"FAM189B",0,2
"META5",1,"FDPS",0,793
"META5",1,"FLAD1",0,29
"META5",1,"GBA",481,1307
"META5",1,"GBAP1",3,8
"META5",1,"GON4L",0,13
"META5",1,"HAX1",1,140
"META5",1,"HCN3",2,95
"META5",1,"IL6R",0,512
"META5",1,"IL6R-AS1",0,1
"META5",1,"JTB",0,23
"META5",1,"KCNN3",0,115
"META5",1,"KHDC4",0,0
"META5",1,"KRTCAP2",0,1
"META5",1,"LAMTOR2",0,30
"META5",1,"LENEP",0,0
"META5",1,"LMNA",0,1548
"META5",1,"LOC101928120",0,0
"META5",1,"MEX3A",0,28
"META5",1,"MIR190B",0,3
"META5",1,"MIR4258",0,1
"META5",1,"MIR555",0,0
"META5",1,"MIR5698",0,0
"META5",1,"MIR6737",0,0
"META5",1,"MIR6738",0,1
"META5",1,"MIR92B",0,7
"META5",1,"MSTO1",0,11
"META5",1,"MSTO2P",0,5
"META5",1,"MTX1",1,47
"META5",1,"MUC1",1,4394
"META5",1,"NUP210L",0,2
"META5",1,"PBXIP1",0,16
"META5",1,"PKLR",0,207
"META5",1,"PMF1",0,40
"META5",1,"PMF1-BGLAP",0,1
"META5",1,"PMVK",0,18
"META5",1,"POU5F1P4",0,2
"META5",1,"PYGO2",0,74
"META5",1,"RAB13",1,106
"META5",1,"RAB25",2,155
"META5",1,"RIT1",0,87
"META5",1,"RPS27",0,41
"META5",1,"RUSC1",0,13
"META5",1,"RUSC1-AS1",0,7
"META5",1,"RXFP4",0,59
"META5",1,"SCAMP3",0,27
"META5",1,"SCARNA26A",0,0
"META5",1,"SCARNA26B",0,0
"META5",1,"SCARNA4",0,3
"META5",1,"SEMA4A",0,93
"META5",1,"SHC1",0,158
"META5",1,"SHE",276,127444
"META5",1,"SLC25A44",1,12
"META5",1,"SLC39A1",0,28
"META5",1,"SLC50A1",1,5
"META5",1,"SNORA58B",0,0
"META5",1,"SNORA80E",0,0
"META5",1,"SSR2",0,48
"META5",1,"SYT11",22,37
"META5",1,"TDRD10",0,5
"META5",1,"THBS3",0,23
"META5",1,"TPM3",1,335
"META5",1,"TRIM46",0,27
"META5",1,"UBAP2L",0,22
"META5",1,"UBE2Q1",0,22
"META5",1,"UBE2Q1-AS1",0,1
"META5",1,"UBQLN4",0,21
"META5",1,"YY1AP1",0,13
"META5",1,"ZBTB7B",0,28
"META5",2,"ADAMTS4",0,324
"META5",2,"APOA2",0,214
"META5",2,"ARHGAP30",0,13
"META5",2,"ATF6",25,1742
"META5",2,"B4GALT3",0,19
"META5",2,"C1orf226",0,1
"META5",2,"CD244",0,258
"META5",2,"CD48",0,546
"META5",2,"CD84",0,95
"META5",2,"CFAP126",0,2
"META5",2,"DEDD",0,103
"META5",2,"DUSP12",0,32
"META5",2,"F11R",0,74
"META5",2,"FCER1G",1,83
"META5",2,"FCGR2A",0,293
"META5",2,"FCGR2B",0,175
"META5",2,"FCGR2C",0,37
"META5",2,"FCGR3A",0,281
"META5",2,"FCGR3B",0,149
"META5",2,"FCRLA",0,22
"META5",2,"FCRLB",0,4
"META5",2,"HSPA6",0,118
"META5",2,"HSPA7",0,5
"META5",2,"ITLN1",0,44
"META5",2,"ITLN2",0,8
"META5",2,"KLHDC9",0,3
"META5",2,"LOC101928372",0,0
"META5",2,"LOC112543491",0,0
"META5",2,"LY9",0,64
"META5",2,"MIR4654",0,0
"META5",2,"MIR5187",0,0
"META5",2,"MIR556",0,0
"META5",2,"MPZ",0,488
"META5",2,"NDUFS2",3,77
"META5",2,"NECTIN4",0,39
"META5",2,"NIT1",0,93
"META5",2,"NOS1AP",1,149
"META5",2,"NR1I3",1,246
"META5",2,"OLFML2B",0,17
"META5",2,"PCP4L1",0,8
"META5",2,"PFDN2",0,13
"META5",2,"PPOX",0,103
"META5",2,"RPL31P11",0,2
"META5",2,"SDHC",4,602
"META5",2,"SH2D1B",0,9
"META5",2,"SLAMF1",2,108
"META5",2,"SLAMF6",0,65
"META5",2,"SLAMF7",0,183
"META5",2,"SPATA46",0,5
"META5",2,"TOMM40L",1,5
"META5",2,"TSTD1",0,3
"META5",2,"UFC1",0,52
"META5",2,"UHMK1",0,32
"META5",2,"USF1",1,412
"META5",2,"USP21",1,56
"META5",3,"C1orf105",0,3
"META5",3,"DNM3",7,67
"META5",3,"DNM3-IT1",0,0
"META5",3,"DNM3OS",0,33
"META5",3,"EEF1AKNMT",0,0
"META5",3,"FASLG",0,203
"META5",3,"FMO1",1,248
"META5",3,"FMO2",0,112
"META5",3,"FMO3",1,455
"META5",3,"FMO4",0,46
"META5",3,"FMO6P",0,4
"META5",3,"MIR1295A",0,0
"META5",3,"MIR1295B",0,0
"META5",3,"MIR199A2",0,2
"META5",3,"MIR214",0,57
"META5",3,"MIR3120",0,1
"META5",3,"MROH9",0,0
"META5",3,"MYOC",1,429
"META5",3,"MYOCOS",0,0
"META5",3,"PIGC",1,48
"META5",3,"PRRC2C",0,5
"META5",3,"SUCO",0,12
"META5",3,"TOP1P1",0,0
"META5",3,"VAMP4",2,81
"META5",4,"AVPR1B",0,100
"META5",4,"BLACAT1",0,46
"META5",4,"CDK18",0,28
"META5",4,"CNTN2",1,54
"META5",4,"CTSE",0,59
"META5",4,"DSTYK",0,11
"META5",4,"ELK4",0,53
"META5",4,"FAM72A",0,4
"META5",4,"FAM72C",0,3
"META5",4,"IKBKE",1,130
"META5",4,"KLHDC8A",0,2
"META5",4,"LEMD1",0,15
"META5",4,"LEMD1-AS1",0,3
"META5",4,"LEMD1-DT",0,0
"META5",4,"LOC284581",0,0
"META5",4,"MFSD4A",0,4
"META5",4,"MFSD4A-AS1",0,0
"META5",4,"MIR135B",0,28
"META5",4,"MIR6769B",0,0
"META5",4,"NFASC",0,46
"META5",4,"NUAK2",0,37
"META5",4,"NUCKS1",10,41
"META5",4,"PM20D1",2,33
"META5",4,"RAB29",22,36
"META5",4,"RASSF5",0,75
"META5",4,"RBBP5",0,105
"META5",4,"RHEX",0,11
"META5",4,"SLC26A9",0,74
"META5",4,"SLC41A1",17,68
"META5",4,"SLC45A3",2,48
"META5",4,"SRGAP2",0,64
"META5",4,"SRGAP2D",0,2
"META5",4,"TMCC2",0,7
"META5",4,"TMEM81",0,1
"META5",5,"ACBD3",0,59
"META5",5,"ACBD3-AS1",0,0
"META5",5,"CDC42BPA",0,25
"META5",5,"COQ8A",1,19
"META5",5,"EPHX1",1,408
"META5",5,"H3F3A",0,326
"META5",5,"H3F3AP4",0,0
"META5",5,"ITPKB",3,60
"META5",5,"ITPKB-IT1",0,0
"META5",5,"LEFTY1",0,124
"META5",5,"LEFTY2",0,97
"META5",5,"LIN9",0,33
"META5",5,"LINC01703",0,1
"META5",5,"MIR6741",0,0
"META5",5,"MIXL1",0,65
"META5",5,"PARP1",26,2371
"META5",5,"PSEN2",14,470
"META5",5,"PYCR2",0,21
"META5",5,"SDE2",0,16
"META5",5,"SNAP47",1,12
"META5",5,"SRP9",0,69
"META5",5,"STUM",0,4
"META5",5,"TMEM63A",0,8
"META5",5,"ZNF678",0,0
"META5",5,"ZNF847P",0,0
"META5",6,"DISC1",7,841
"META5",6,"DISC1-IT1",0,1
"META5",6,"DISC2",0,36
"META5",6,"LINC00582",0,1
"META5",6,"LINC01744",0,0
"META5",6,"LINC01745",0,0
"META5",6,"MAP10",0,3
"META5",6,"MAP3K21",0,4
"META5",6,"NTPCR",0,0
"META5",6,"PCNX2",0,2
"META5",6,"SIPA1L2",7,15
"META5",6,"TSNAX",0,21
"META5",6,"TSNAX-DISC1",0,7
"META5",7,"GEN1",0,116
"META5",7,"KCNS3",0,15
"META5",7,"MSGN1",0,20
"META5",7,"NT5C1B",0,3
"META5",7,"NT5C1B-RDH14",0,0
"META5",7,"RAD51AP2",0,2
"META5",7,"RDH14",0,2
"META5",7,"SMC6",0,121
"META5",7,"VSNL1",1,42
"META5",8,"ADRA2B",0,107
"META5",8,"ANKRD20A8P",0,0
"META5",8,"ANKRD36C",0,3
"META5",8,"ASTL",0,22
"META5",8,"CIAO1",0,24
"META5",8,"DUSP2",0,95
"META5",8,"FAHD2A",0,1
"META5",8,"FAHD2CP",0,0
"META5",8,"FAM95A",0,0
"META5",8,"GPAT2",0,30
"META5",8,"ITPRIPL1",0,3
"META5",8,"KCNIP3",0,13
"META5",8,"LINC00342",0,9
"META5",8,"LOC442028",0,0
"META5",8,"MAL",11,7799
"META5",8,"MRPS5",0,14
"META5",8,"PROM2",1,16
"META5",8,"SNORA112",0,0
"META5",8,"SNRNP200",0,42
"META5",8,"STARD7",0,33
"META5",8,"STARD7-AS1",0,0
"META5",8,"TEKT4",0,11
"META5",8,"TMEM127",0,123
"META5",8,"TRIM43",0,4
"META5",8,"TRIM43B",0,1
"META5",8,"ZNF2",0,99
"META5",8,"ZNF514",0,1
"META5",9,"CNOT11",0,4
"META5",9,"CREG2",0,2
"META5",9,"IL18R1",0,103
"META5",9,"IL18RAP",0,88
"META5",9,"IL1R1",0,318
"META5",9,"IL1R2",3,208
"META5",9,"IL1RL1",1,197
"META5",9,"IL1RL2",0,18
"META5",9,"LINC01127",0,1
"META5",9,"LOC101927142",0,0
"META5",9,"MAP4K4",0,186
"META5",9,"MFSD9",0,4
"META5",9,"MIR4772",0,0
"META5",9,"MIR5696",0,0
"META5",9,"NPAS2",6,296
"META5",9,"RFX8",0,1
"META5",9,"RNF149",0,5
"META5",9,"RPL31",0,23
"META5",9,"SLC9A2",0,21
"META5",9,"SLC9A4",0,11
"META5",9,"SNORD89",0,2
"META5",9,"TBC1D8",1,8
"META5",9,"TBC1D8-AS1",0,0
"META5",9,"TMEM182",0,10
"META5",10,"ACMSD",17,72
"META5",10,"CCNT2",0,17
"META5",10,"CCNT2-AS1",0,0
"META5",10,"MAP3K19",0,7
"META5",10,"MGAT5",0,130
"META5",10,"MIR128-1",0,3
"META5",10,"MIR3679",0,0
"META5",10,"MIR5590",0,0
"META5",10,"R3HDM1",0,12
"META5",10,"RAB3GAP1",0,77
"META5",10,"SNORA40B",0,0
"META5",10,"TMEM163",9,29
"META5",10,"ZRANB3",0,38
"META5",11,"ABCB11",0,509
"META5",11,"B3GALT1",1,3
"META5",11,"CERS6",1,97
"META5",11,"CERS6-AS1",0,6
"META5",11,"DHRS9",0,35
"META5",11,"G6PC2",0,95
"META5",11,"LOC105616981",0,0
"META5",11,"LRP2",1,234
"META5",11,"MIR4774",0,0
"META5",11,"NOSTRIN",0,44
"META5",11,"SPC25",0,67
"META5",11,"STK39",20,94
"META5",11,"XIRP2",1,36
"META5",12,"KCNH8",0,13
"META5",12,"LOC105376975",0,0
"META5",12,"LOC339862",0,1
"META5",12,"MIR4791",0,0
"META5",12,"SATB1",3,468
"META5",12,"SATB1-AS1",0,2
"META5",12,"TBC1D5",2,27
"META5",13,"AZI2",0,17
"META5",13,"CMC1",0,95
"META5",13,"EOMES",0,649
"META5",13,"LINC00693",0,0
"META5",13,"LINC01980",0,3
"META5",13,"LINC01981",0,0
"META5",13,"RBMS3",1,49
"META5",13,"RBMS3-AS3",0,1
"META5",13,"ZCWPW2",0,3
"META5",14,"AMT",16,2282
"META5",14,"APEH",0,39
"META5",14,"ARIH2",0,17
"META5",14,"ARIH2OS",0,0
"META5",14,"ATRIP",0,165
"META5",14,"ATRIP-TREX1",0,0
"META5",14,"BSN",2,1394
"META5",14,"BSN-DT",0,0
"META5",14,"C3orf62",0,2
"META5",14,"C3orf84",0,0
"META5",14,"CAMP",369,87666
"META5",14,"CCDC36",0,2
"META5",14,"CCDC51",0,3
"META5",14,"CCDC71",0,0
"META5",14,"CDC25A",2,1076
"META5",14,"CELSR3",1,76
"META5",14,"COL7A1",0,507
"META5",14,"DAG1",0,83
"META5",14,"DALRD3",1,5
"META5",14,"DHX30",0,19
"META5",14,"FBXW12",0,4
"META5",14,"FCF1P2",0,0
"META5",14,"GPX1",20,1690
"META5",14,"IMPDH2",1,145
"META5",14,"IP6K2",0,34
"META5",14,"KLHDC8B",0,10
"META5",14,"LAMB2",2,153
"META5",14,"LAMB2P1",0,0
"META5",14,"LINC02585",0,0
"META5",14,"MAP4",2,341
"META5",14,"MIR1226",0,0
"META5",14,"MIR191",0,17
"META5",14,"MIR2115",0,0
"META5",14,"MIR425",0,4
"META5",14,"MIR4271",0,0
"META5",14,"MIR4443",0,1
"META5",14,"MIR4793",0,0
"META5",14,"MIR6823",0,0
"META5",14,"MIR6824",0,0
"META5",14,"MIR6890",0,0
"META5",14,"MIR711",0,1
"META5",14,"MST1",2,837
"META5",14,"NCKIPSD",0,4
"META5",14,"NDUFAF3",0,13
"META5",14,"NICN1",0,4
"META5",14,"NME6",1,11
"META5",14,"P4HTM",0,6
"META5",14,"PFKFB4",0,82
"META5",14,"PLXNB1",0,30
"META5",14,"PRKAR2A",0,44
"META5",14,"PRKAR2A-AS1",0,1
"META5",14,"QARS",0,34
"META5",14,"QRICH1",0,6
"META5",14,"RHOA",27,10484
"META5",14,"RNF123",0,15
"META5",14,"SHISA5",0,2
"META5",14,"SLC25A20",1,39
"META5",14,"SLC26A6",1,221
"META5",14,"SMARCC1",0,61
"META5",14,"SNORA94",0,0
"META5",14,"SPINK8",0,2
"META5",14,"TCTA",0,114
"META5",14,"TMA7",0,4
"META5",14,"TMEM89",0,0
"META5",14,"TREX1",0,313
"META5",14,"UCN2",1,153
"META5",14,"UQCRC1",8,81
"META5",14,"USP19",2,54
"META5",14,"USP4",1,121
"META5",14,"WDR6",0,14
"META5",14,"ZNF589",0,5
"META5",15,"ADCY5",1,151
"META5",15,"ARGFX",0,8
"META5",15,"CASR",0,1753
"META5",15,"CCDC58",0,4
"META5",15,"CD86",8,8942
"META5",15,"CSTA",0,96
"META5",15,"DTX3L",0,25
"META5",15,"EAF2",0,67
"META5",15,"FAM162A",1,8
"META5",15,"FBXO40",0,15
"META5",15,"GOLGB1",0,23
"META5",15,"HCLS1",0,48
"META5",15,"HSPBAP1",0,12
"META5",15,"ILDR1",0,37
"META5",15,"IQCB1",0,42
"META5",15,"KPNA1",1,41
"META5",15,"LINC02035",0,0
"META5",15,"LOC102723582",0,0
"META5",15,"MIR7110",0,0
"META5",15,"PARP14",0,70
"META5",15,"PARP15",0,19
"META5",15,"PARP9",0,44
"META5",15,"PDIA5",0,13
"META5",15,"POLQ",0,125
"META5",15,"SEC22A",1,7
"META5",15,"SEMA5B",0,23
"META5",15,"SLC15A2",0,49
"META5",15,"SLC49A4",0,1
"META5",15,"WDR5B",0,2
"META5",16,"AADAC",0,53
"META5",16,"AADACL2",0,3
"META5",16,"AADACL2-AS1",0,0
"META5",16,"AADACP1",0,0
"META5",16,"CLRN1",0,53
"META5",16,"CLRN1-AS1",0,2
"META5",16,"EIF2A",1,199
"META5",16,"ERICH6",0,0
"META5",16,"ERICH6-AS1",0,0
"META5",16,"GPR171",1,18
"META5",16,"GPR87",0,38
"META5",16,"IGSF10",0,19
"META5",16,"LOC101928105",0,0
"META5",16,"LOC101928166",0,0
"META5",16,"MBNL1",0,349
"META5",16,"MBNL1-AS1",0,12
"META5",16,"MED12L",0,15
"META5",16,"MINDY4B",0,0
"META5",16,"MIR5186",0,0
"META5",16,"P2RY12",2,163
"META5",16,"P2RY13",0,19
"META5",16,"P2RY14",0,25
"META5",16,"SELENOT",3,20
"META5",16,"SERP1",0,36
"META5",16,"SIAH2",0,165
"META5",16,"SUCNR1",0,62
"META5",16,"TMEM14EP",0,0
"META5",16,"TSC22D2",0,8
"META5",17,"ARL14",0,6
"META5",17,"B3GALNT1",0,13
"META5",17,"IFT80",0,40
"META5",17,"KPNA4",1,54
"META5",17,"LINC02067",0,0
"META5",17,"MIR15B",0,27
"META5",17,"MIR16-2",0,1
"META5",17,"NMD3",5,51
"META5",17,"OTOL1",1,3
"META5",17,"PPM1L",0,16
"META5",17,"SCARNA7",0,2
"META5",17,"SMC4",0,99
"META5",17,"SPTSSB",0,4
"META5",17,"TRIM59",0,78
"META5",17,"TRIM59-IFT80",0,0
"META5",18,"ABCC5",0,189
"META5",18,"ABCC5-AS1",0,0
"META5",18,"ATP11B",0,20
"META5",18,"B3GNT5",0,23
"META5",18,"DCUN1D1",0,32
"META5",18,"HTR3D",0,16
"META5",18,"KLHL24",0,24
"META5",18,"KLHL6",0,30
"META5",18,"KLHL6-AS1",0,0
"META5",18,"LAMP3",13,116
"META5",18,"LINC00888",0,2
"META5",18,"LINC01994",0,0
"META5",18,"LINC01995",0,0
"META5",18,"MAP6D1",0,5
"META5",18,"MCCC1",20,59
"META5",18,"MCF2L2",0,3
"META5",18,"MIR4448",0,0
"META5",18,"PARL",16,164
"META5",18,"SNORA63D",0,0
"META5",18,"SNORA63E",0,0
"META5",18,"YEATS2",0,13
"META5",18,"YEATS2-AS1",0,1
"META5",19,"ABCA11P",0,1
"META5",19,"ATP5ME",0,0
"META5",19,"CPLX1",3,47
"META5",19,"CRIPAK",0,8
"META5",19,"CTBP1",0,266
"META5",19,"CTBP1-AS",0,23
"META5",19,"CTBP1-DT",0,0
"META5",19,"DGKQ",9,19
"META5",19,"FAM53A",0,4
"META5",19,"FGFR3",2,2464
"META5",19,"FGFRL1",0,91
"META5",19,"GAK",39,166
"META5",19,"IDUA",3,377
"META5",19,"LETM1",2,124
"META5",19,"LOC100129917",0,0
"META5",19,"LOC100130872",0,0
"META5",19,"LOC105374338",0,0
"META5",19,"LOC105374344",0,0
"META5",19,"MAEA",0,72
"META5",19,"MIR571",0,1
"META5",19,"MYL5",0,13
"META5",19,"NKX1-1",0,4
"META5",19,"NSD2",0,136
"META5",19,"PCGF3",0,18
"META5",19,"PDE6B",0,220
"META5",19,"PIGG",0,53
"META5",19,"RNF212",0,30
"META5",19,"SLBP",0,150
"META5",19,"SLC26A1",0,57
"META5",19,"SLC49A3",0,1
"META5",19,"SPON2",0,48
"META5",19,"TACC3",0,261
"META5",19,"TMED11P",0,0
"META5",19,"TMEM129",0,11
"META5",19,"TMEM175",13,29
"META5",19,"TMEM271",0,0
"META5",19,"UVSSA",0,26
"META5",19,"ZNF141",1,13
"META5",19,"ZNF595",0,5
"META5",19,"ZNF718",0,4
"META5",19,"ZNF721",1,4
"META5",19,"ZNF732",0,2
"META5",19,"ZNF876P",0,0
"META5",20,"BST1",35,81
"META5",20,"C1QTNF7",0,4
"META5",20,"CC2D2A",0,59
"META5",20,"CD38",5,7645
"META5",20,"CPEB2",0,44
"META5",20,"CPEB2-DT",0,0
"META5",20,"FAM200B",0,0
"META5",20,"FBXL5",3,63
"META5",20,"FGFBP1",0,45
"META5",20,"FGFBP2",0,12
"META5",20,"LDB2",0,38
"META5",20,"LINC00504",0,6
"META5",20,"LOC101929095",0,0
"META5",20,"PROM1",0,232
"META5",20,"TAPT1",0,11
"META5",20,"TAPT1-AS1",0,0
"META5",21,"CLRN2",0,3
"META5",21,"DCAF16",0,7
"META5",21,"FAM184B",0,10
"META5",21,"LAP3",0,83
"META5",21,"LCORL",0,81
"META5",21,"LINC02493",0,1
"META5",21,"MED28",0,25
"META5",21,"NCAPG",0,134
"META5",21,"QDPR",2,62
"META5",21,"SNORA75B",0,0
"META5",22,"ART3",0,41
"META5",22,"CCDC158",0,3
"META5",22,"CCNG2",0,94
"META5",22,"CCNI",0,17
"META5",22,"CDKL2",0,21
"META5",22,"CXCL10",13,5136
"META5",22,"CXCL11",0,1108
"META5",22,"CXCL9",0,2191
"META5",22,"FAM47E",2,5
"META5",22,"FAM47E-STBD1",0,0
"META5",22,"G3BP2",0,60
"META5",22,"LINC02483",0,0
"META5",22,"LOC101928809",0,0
"META5",22,"MIR4450",0,0
"META5",22,"MIR548AH",0,0
"META5",22,"NAAA",1,134
"META5",22,"NUP54",0,28
"META5",22,"ODAPH",0,2
"META5",22,"PPEF2",1,11
"META5",22,"RCHY1",0,15
"META5",22,"SCARB2",19,154
"META5",22,"SDAD1",0,7
"META5",22,"SEPTIN11",0,3
"META5",22,"SHROOM3",0,72
"META5",22,"SOWAHB",0,2
"META5",22,"STBD1",3,19
"META5",22,"THAP6",0,1
"META5",22,"USO1",0,34
"META5",23,"CCSER1",1,12
"META5",23,"FAM13A",0,100
"META5",23,"FAM13A-AS1",0,3
"META5",23,"GPRIN3",2,5
"META5",23,"HERC3",0,19
"META5",23,"MMRN1",4,33
"META5",23,"SNCA",764,1124
"META5",23,"SNCA-AS1",0,0
"META5",23,"TIGD2",0,2
"META5",24,"ANK2",4,134
"META5",24,"ARSJ",0,9
"META5",24,"CAMK2D",1,73
"META5",24,"LARP7",0,71
"META5",24,"LOC105377372",0,0
"META5",24,"MIR1243",0,3
"META5",24,"MIR302A",0,12
"META5",24,"MIR302B",0,8
"META5",24,"MIR302C",0,4
"META5",24,"MIR302CHG",0,1
"META5",24,"MIR302D",0,1
"META5",24,"MIR367",0,5
"META5",24,"MIR8082",0,0
"META5",24,"NEUROG2",2,149
"META5",24,"ZGRF1",0,7
"META5",25,"AADAT",0,25
"META5",25,"CBR4",0,91
"META5",25,"CLCN3",0,74
"META5",25,"HPF1",0,27
"META5",25,"LINC01612",0,0
"META5",25,"LINC02275",0,0
"META5",25,"MFAP3L",0,5
"META5",25,"NEK1",1,117
"META5",25,"PALLD",0,42
"META5",25,"SH3RF1",0,12
"META5",26,"C5orf64",0,2
"META5",26,"C5orf64-AS1",0,0
"META5",26,"DEPDC1B",0,27
"META5",26,"ELOVL7",3,35
"META5",26,"ERCC8",0,66
"META5",26,"LINC02057",0,0
"META5",26,"LOC101928651",0,0
"META5",26,"NDUFAF2",1,20
"META5",26,"PART1",2,67
"META5",26,"PDE4D",4,649
"META5",26,"SMIM15",0,0
"META5",26,"SMIM15-AS1",0,0
"META5",26,"ZSWIM6",0,10
"META5",27,"C5orf30",0,13
"META5",27,"GIN1",0,17
"META5",27,"LINC00491",0,8
"META5",27,"LINC00492",0,0
"META5",27,"LINC02115",0,0
"META5",27,"NUDT12",0,15
"META5",27,"PAM",55,7985
"META5",27,"PPIP5K2",0,18
"META5",27,"SLCO4C1",0,28
"META5",27,"SLCO6A1",0,6
"META5",28,"C5orf15",0,0
"META5",28,"C5orf24",1,2
"META5",28,"C5orf66",0,9
"META5",28,"C5orf66-AS1",0,8
"META5",28,"C5orf66-AS2",0,0
"META5",28,"CAMLG",0,10
"META5",28,"CATSPER3",0,12
"META5",28,"CDKL3",0,17
"META5",28,"CDKN2AIPNL",0,4
"META5",28,"CXCL14",1,332
"META5",28,"DCANP1",0,0
"META5",28,"DDX46",0,14
"META5",28,"H2AFY",0,32
"META5",28,"JADE2",0,3
"META5",28,"LINC01843",0,1
"META5",28,"LOC102546229",0,0
"META5",28,"LOC105379183",0,0
"META5",28,"LOC107986453",0,0
"META5",28,"MIR3661",0,0
"META5",28,"MIR5692C1",0,0
"META5",28,"NEUROG1",1,225
"META5",28,"PCBD2",0,9
"META5",28,"PITX1",1,287
"META5",28,"PPP2CA",1,78
"META5",28,"SAR1B",0,59
"META5",28,"SEC24A",0,28
"META5",28,"SKP1",16,1349
"META5",28,"SLC25A48",1,1
"META5",28,"SLC25A48-AS1",0,0
"META5",28,"TCF7",0,293
"META5",28,"TIFAB",0,14
"META5",28,"TXNDC15",0,4
"META5",28,"UBE2B",0,40
"META5",28,"VDAC1",19,634
"META5",28,"WSPAR",0,3
"META5",29,"GPX5",0,95
"META5",29,"GPX6",0,34
"META5",29,"GUSBP2",0,3
"META5",29,"HIST1H1B",0,10
"META5",29,"HIST1H2AG",0,3
"META5",29,"HIST1H2AH",0,2
"META5",29,"HIST1H2AI",0,2
"META5",29,"HIST1H2AJ",0,4
"META5",29,"HIST1H2AK",0,0
"META5",29,"HIST1H2AL",0,3
"META5",29,"HIST1H2AM",0,3
"META5",29,"HIST1H2BJ",0,14
"META5",29,"HIST1H2BK",0,13
"META5",29,"HIST1H2BL",0,4
"META5",29,"HIST1H2BM",0,4
"META5",29,"HIST1H2BN",0,4
"META5",29,"HIST1H2BO",0,7
"META5",29,"HIST1H3H",0,8
"META5",29,"HIST1H3I",0,0
"META5",29,"HIST1H3J",0,5
"META5",29,"HIST1H4I",0,0
"META5",29,"HIST1H4J",0,2
"META5",29,"HIST1H4K",0,6
"META5",29,"HIST1H4L",0,3
"META5",29,"LINC00240",0,7
"META5",29,"LINC00533",0,0
"META5",29,"LINC01012",0,0
"META5",29,"LOC100131289",0,0
"META5",29,"LOC100270746",0,0
"META5",29,"MIR3143",0,1
"META5",29,"NKAPL",0,12
"META5",29,"OR1F12",0,2
"META5",29,"OR2B2",0,1
"META5",29,"OR2B6",0,3
"META5",29,"PGBD1",0,11
"META5",29,"POM121L2",0,4
"META5",29,"PRSS16",0,27
"META5",29,"TOB2P1",0,0
"META5",29,"VN1R10P",0,0
"META5",29,"ZBED9",0,0
"META5",29,"ZKSCAN3",1,27
"META5",29,"ZKSCAN4",0,7
"META5",29,"ZKSCAN8",0,0
"META5",29,"ZNF165",1,15
"META5",29,"ZNF184",7,14
"META5",29,"ZNF192P1",0,0
"META5",29,"ZNF204P",0,0
"META5",29,"ZNF391",0,3
"META5",29,"ZSCAN12",0,7
"META5",29,"ZSCAN12P1",0,1
"META5",29,"ZSCAN16",0,8
"META5",29,"ZSCAN16-AS1",0,1
"META5",29,"ZSCAN23",0,2
"META5",29,"ZSCAN26",0,0
"META5",29,"ZSCAN31",0,3
"META5",29,"ZSCAN9",0,2
"META5",30,"ABCF1",0,42
"META5",30,"ATAT1",0,30
"META5",30,"C6orf136",0,2
"META5",30,"C6orf15",0,5
"META5",30,"CDSN",0,106
"META5",30,"DDR1",3,461
"META5",30,"DHX16",0,9
"META5",30,"FLOT1",1,78
"META5",30,"GABBR1",0,102
"META5",30,"GNL1",1,22
"META5",30,"GTF2H4",0,12
"META5",30,"HCG17",0,2
"META5",30,"HCG18",0,24
"META5",30,"HCG20",0,0
"META5",30,"HCG21",0,2
"META5",30,"HCG22",0,25
"META5",30,"HCG4",0,4
"META5",30,"HCG4B",0,3
"META5",30,"HCG9",0,14
"META5",30,"HCP5B",0,0
"META5",30,"HLA-A",4,10457
"META5",30,"HLA-E",0,917
"META5",30,"HLA-F",0,246
"META5",30,"HLA-F-AS1",0,6
"META5",30,"HLA-G",0,2334
"META5",30,"HLA-H",0,99
"META5",30,"HLA-J",0,18
"META5",30,"HLA-L",1,1
"META5",30,"HLA-V",0,1
"META5",30,"IER3",0,131
"META5",30,"IER3-AS1",0,0
"META5",30,"IFITM4P",0,0
"META5",30,"LINC00243",0,1
"META5",30,"LINC01015",0,0
"META5",30,"LINC02569",0,0
"META5",30,"LINC02570",0,0
"META5",30,"LOC101929006",0,0
"META5",30,"MAS1L",0,3
"META5",30,"MDC1",0,479
"META5",30,"MDC1-AS1",0,0
"META5",30,"MIR4640",0,0
"META5",30,"MIR6891",0,0
"META5",30,"MIR877",0,2
"META5",30,"MOG",11,2938
"META5",30,"MRPS18B",0,9
"META5",30,"MUC21",0,25
"META5",30,"MUC22",0,9
"META5",30,"MUCL3",0,1
"META5",30,"NRM",1,1717
"META5",30,"OR10C1",0,0
"META5",30,"OR11A1",0,1
"META5",30,"OR12D1",0,0
"META5",30,"OR12D2",0,3
"META5",30,"OR12D3",0,3
"META5",30,"OR14J1",0,1
"META5",30,"OR2H1",0,2
"META5",30,"OR2H2",0,3
"META5",30,"OR2J2",0,0
"META5",30,"OR5V1",0,2
"META5",30,"PPP1R10",0,15
"META5",30,"PPP1R11",0,17
"META5",30,"PPP1R18",0,8
"META5",30,"PRR3",0,28
"META5",30,"PSORS1C1",0,35
"META5",30,"PSORS1C2",0,9
"META5",30,"RNF39",0,23
"META5",30,"RPP21",0,38
"META5",30,"SFTA2",0,14
"META5",30,"SNORD32B",0,0
"META5",30,"TRIM10",1,12
"META5",30,"TRIM15",0,16
"META5",30,"TRIM26",0,29
"META5",30,"TRIM31",0,35
"META5",30,"TRIM31-AS1",0,0
"META5",30,"TRIM39",0,27
"META5",30,"TRIM39-RPP21",0,2
"META5",30,"TRIM40",0,9
"META5",30,"TUBB",0,186
"META5",30,"UBD",0,258
"META5",30,"VARS2",0,26
"META5",30,"ZFP57",0,106
"META5",30,"ZNRD1",0,56
"META5",30,"ZNRD1ASP",0,1
"META5",31,"ABHD16A",0,10
"META5",31,"AGER",1,340
"META5",31,"AGPAT1",0,39
"META5",31,"AIF1",2,170
"META5",31,"APOM",1,305
"META5",31,"ATF6B",0,8
"META5",31,"B3GALT4",2,12
"META5",31,"BAG6",3,101
"META5",31,"BAK1",0,605
"META5",31,"BRD2",2,350
"META5",31,"BTNL2",1,131
"META5",31,"C2",67,41721
"META5",31,"C2-AS1",0,0
"META5",31,"C4A",1,1467
"META5",31,"C4B",3,2186
"META5",31,"C4B_2",0,29
"META5",31,"C6orf47",0,4
"META5",31,"CFB",1,978
"META5",31,"CLIC1",2,208
"META5",31,"COL11A2",0,216
"META5",31,"CSNK2B",0,43
"META5",31,"CUTA",0,58
"META5",31,"CYP21A1P",0,78
"META5",31,"CYP21A2",0,636
"META5",31,"DAXX",8,754
"META5",31,"DDAH2",0,149
"META5",31,"DXO",0,68
"META5",31,"EGFL8",0,11
"META5",31,"EHMT2",1,196
"META5",31,"FKBPL",0,30
"META5",31,"GGNBP1",0,8
"META5",31,"GPANK1",0,2
"META5",31,"GPSM3",0,13
"META5",31,"HCG23",0,3
"META5",31,"HCG24",0,1
"META5",31,"HCG25",0,1
"META5",31,"HLA-DMA",0,74
"META5",31,"HLA-DMB",0,70
"META5",31,"HLA-DOA",1,46
"META5",31,"HLA-DOB",0,42
"META5",31,"HLA-DPA1",1,218
"META5",31,"HLA-DPB1",2,782
"META5",31,"HLA-DPB2",0,21
"META5",31,"HLA-DQA1",0,1134
"META5",31,"HLA-DQA2",1,51
"META5",31,"HLA-DQB1",5,2086
"META5",31,"HLA-DQB1-AS1",0,3
"META5",31,"HLA-DQB2",0,35
"META5",31,"HLA-DRA",18,363
"META5",31,"HLA-DRB1",4,5957
"META5",31,"HLA-DRB5",7,150
"META5",31,"HLA-DRB6",0,16
"META5",31,"HSD17B8",0,15
"META5",31,"HSPA1A",2,485
"META5",31,"HSPA1B",1,216
"META5",31,"HSPA1L",2,113
"META5",31,"KIFC1",0,117
"META5",31,"LINC00336",0,5
"META5",31,"LOC100294145",0,1
"META5",31,"LOC100507547",0,0
"META5",31,"LOC110384692",0,0
"META5",31,"LSM2",0,61
"META5",31,"LY6G5B",0,7
"META5",31,"LY6G5C",0,4
"META5",31,"LY6G6C",0,7
"META5",31,"LY6G6D",0,8
"META5",31,"LY6G6E",0,4
"META5",31,"LY6G6F",0,1
"META5",31,"LY6G6F-LY6G6D",0,0
"META5",31,"MIR1234",0,0
"META5",31,"MIR1236",0,4
"META5",31,"MIR219A1",0,0
"META5",31,"MIR3135B",0,1
"META5",31,"MIR4646",0,1
"META5",31,"MIR5004",0,0
"META5",31,"MIR6721",0,0
"META5",31,"MIR6832",0,0
"META5",31,"MIR6833",0,0
"META5",31,"MIR6834",0,0
"META5",31,"MIR6873",0,1
"META5",31,"MPIG6B",0,5
"META5",31,"MSH5",0,156
"META5",31,"MSH5-SAPCD1",0,2
"META5",31,"NELFE",0,13
"META5",31,"NEU1",0,266
"META5",31,"NOTCH4",1,507
"META5",31,"PBX2",0,125
"META5",31,"PFDN6",0,5
"META5",31,"PHF1",1,149
"META5",31,"PPT2",0,33
"META5",31,"PPT2-EGFL8",0,0
"META5",31,"PRRC2A",0,17
"META5",31,"PRRT1",0,10
"META5",31,"PSMB8",5,173
"META5",31,"PSMB8-AS1",0,9
"META5",31,"PSMB9",3,122
"META5",31,"RGL2",0,95
"META5",31,"RING1",19,204
"META5",31,"RNF5",1,43
"META5",31,"RPS18",1,137
"META5",31,"RXRB",0,75
"META5",31,"SAPCD1",0,6
"META5",31,"SAPCD1-AS1",0,1
"META5",31,"SKIV2L",0,60
"META5",31,"SLC39A7",0,33
"META5",31,"SLC44A4",1,27
"META5",31,"SMIM40",0,0
"META5",31,"SNHG32",0,0
"META5",31,"SNORA38",0,1
"META5",31,"SNORD48",0,18
"META5",31,"SNORD52",0,1
"META5",31,"STK19",0,25
"META5",31,"SYNGAP1",0,126
"META5",31,"TAP1",3,895
"META5",31,"TAP2",3,666
"META5",31,"TAPBP",0,40
"META5",31,"TNXA",0,35
"META5",31,"TNXB",0,139
"META5",31,"TSBP1",0,1
"META5",31,"TSBP1-AS1",0,0
"META5",31,"VARS",0,141
"META5",31,"VPS52",1,26
"META5",31,"VWA7",0,1
"META5",31,"WDR46",0,3
"META5",31,"ZBTB12",0,4
"META5",31,"ZBTB22",0,3
"META5",31,"ZBTB9",0,3
"META5",32,"B3GAT2",0,9
"META5",32,"KCNQ5",1,143
"META5",32,"KCNQ5-IT1",0,1
"META5",32,"LINC00472",0,32
"META5",32,"LINC01626",0,0
"META5",32,"MIR30A",1,44
"META5",32,"MIR30C2",0,0
"META5",32,"OGFRL1",0,6
"META5",32,"RIMS1",0,31
"META5",32,"SMAP1",0,29
"META5",33,"CCN6",0,78
"META5",33,"FAM229B",0,1
"META5",33,"FYN",35,3132
"META5",33,"GSTM2P1",0,0
"META5",33,"GTF3C6",0,1
"META5",33,"LAMA4",0,88
"META5",33,"LINC02527",0,1
"META5",33,"LOC101927640",0,0
"META5",33,"MFSD4B",0,0
"META5",33,"REV3L",0,81
"META5",33,"RFPL4B",0,0
"META5",33,"RPF2",0,28
"META5",33,"SLC16A10",1,31
"META5",33,"SNORD166",0,0
"META5",33,"TRAF3IP2",0,112
"META5",33,"TRAF3IP2-AS1",0,6
"META5",33,"TUBE1",0,3
"META5",34,"CCN2",0,835
"META5",34,"ENPP1",0,487
"META5",34,"EYA4",0,110
"META5",34,"LINC00326",0,1
"META5",34,"LINC01013",0,6
"META5",34,"LINC01312",0,1
"META5",34,"MIR548AJ1",0,0
"META5",34,"MOXD1",1,12
"META5",34,"RPS12",0,262
"META5",34,"SLC18B1",0,6
"META5",34,"SNORA33",0,1
"META5",34,"SNORD100",0,0
"META5",34,"SNORD101",0,0
"META5",34,"STX7",0,29
"META5",34,"TAAR1",13,217
"META5",34,"TAAR2",1,12
"META5",34,"TAAR3P",0,0
"META5",34,"TAAR5",1,27
"META5",34,"TAAR6",1,22
"META5",34,"TAAR8",0,7
"META5",34,"TAAR9",1,8
"META5",34,"TARID",0,4
"META5",34,"TCF21",0,182
"META5",34,"VNN1",0,80
"META5",34,"VNN2",0,26
"META5",34,"VNN3",0,17
"META5",35,"CCDC126",0,4
"META5",35,"CLK2P1",0,0
"META5",35,"FAM126A",0,11
"META5",35,"FAM221A",0,1
"META5",35,"GPNMB",19,314
"META5",35,"IGF2BP3",0,195
"META5",35,"IL6",33,8858
"META5",35,"KLHL7",1,31
"META5",35,"KLHL7-DT",0,1
"META5",35,"LOC100506178",0,1
"META5",35,"LOC401312",0,0
"META5",35,"LOC541472",0,0
"META5",35,"MALSU1",0,4
"META5",35,"NUP42",0,9
"META5",35,"RAPGEF5",0,18
"META5",35,"RPS2P32",0,1
"META5",35,"SNHG26",0,1
"META5",35,"SNORD65C",0,0
"META5",35,"SNORD93",0,0
"META5",35,"STEAP1B",0,2
"META5",35,"STK31",0,31
"META5",35,"TOMM7",1,9
"META5",35,"TRA2A",0,20
"META5",36,"ASL",29,4205
"META5",36,"CCT6P1",0,2
"META5",36,"CRCP",0,143
"META5",36,"GS1-124K5.11",1,1
"META5",36,"GS1-124K5.4",0,1
"META5",36,"GTF2IP23",0,1
"META5",36,"GTF2IRD1P1",0,0
"META5",36,"GUSB",1,298
"META5",36,"INTS4P2",0,0
"META5",36,"KCTD7",0,32
"META5",36,"LINC00174",0,13
"META5",36,"LINC01372",0,0
"META5",36,"LINC02604",0,0
"META5",36,"LOC100996437",0,0
"META5",36,"LOC101929322",0,0
"META5",36,"LOC441242",0,0
"META5",36,"MIR4650-1",0,0
"META5",36,"MIR4650-2",0,0
"META5",36,"PMS2P4",0,0
"META5",36,"RABGEF1",2,31
"META5",36,"SBDS",1,375
"META5",36,"SNORA15B-1",0,0
"META5",36,"SNORA15B-2",0,0
"META5",36,"SNORA22",0,2
"META5",36,"STAG3L4",0,1
"META5",36,"TMEM248",0,0
"META5",36,"TPST1",0,26
"META5",36,"TYW1",0,19
"META5",36,"VKORC1L1",0,22
"META5",37,"BLK",1,400
"META5",37,"C8orf49",0,2
"META5",37,"CTSB",8,464
"META5",37,"DEFB109A",0,0
"META5",37,"DEFB130A",0,0
"META5",37,"DEFB130B",0,0
"META5",37,"DEFB134",0,1
"META5",37,"DEFB135",0,2
"META5",37,"DEFB136",0,1
"META5",37,"FAM167A",0,30
"META5",37,"FAM167A-AS1",0,0
"META5",37,"FAM66A",0,0
"META5",37,"FAM66D",0,1
"META5",37,"FAM85A",0,0
"META5",37,"FAM86B1",0,0
"META5",37,"FAM86B2",0,0
"META5",37,"FAM90A25P",0,0
"META5",37,"FAM90A2P",0,0
"META5",37,"FDFT1",0,114
"META5",37,"GATA4",0,1949
"META5",37,"LINC00208",0,1
"META5",37,"LINC00681",0,0
"META5",37,"LOC100129129",0,0
"META5",37,"LOC100506990",0,2
"META5",37,"LOC101929269",0,0
"META5",37,"LOC340357",0,0
"META5",37,"LOC392196",0,0
"META5",37,"LOC649352",0,0
"META5",37,"LOC729732",0,0
"META5",37,"LONRF1",0,3
"META5",37,"MIR3926-1",0,0
"META5",37,"MIR3926-2",0,0
"META5",37,"MIR5692A1",0,0
"META5",37,"MIR5692A2",0,0
"META5",37,"MIR598",0,3
"META5",37,"MTMR9",0,21
"META5",37,"NEIL2",0,114
"META5",37,"SLC35G5",0,0
"META5",37,"SNORA99",0,0
"META5",37,"TDH",0,1059
"META5",37,"USP17L2",0,2
"META5",37,"USP17L7",0,1
"META5",37,"XKR6",0,23
"META5",37,"ZNF705D",0,0
"META5",38,"CNOT7",0,56
"META5",38,"FGF20",33,127
"META5",38,"MICU3",0,12
"META5",38,"MIR548V",0,1
"META5",38,"MSR1",0,196
"META5",38,"MTMR7",0,14
"META5",38,"MTUS1",0,63
"META5",38,"PDGFRL",0,20
"META5",38,"SLC7A2",0,76
"META5",38,"VPS37A",0,19
"META5",38,"ZDHHC2",1,21
"META5",39,"BIN3",0,30
"META5",39,"BIN3-IT1",0,0
"META5",39,"BMP1",0,309
"META5",39,"C8orf58",0,1
"META5",39,"CCAR2",0,29
"META5",39,"CHMP7",0,19
"META5",39,"DMTN",0,11
"META5",39,"DOK2",1,54
"META5",39,"EGR3",1,285
"META5",39,"ENTPD4",0,4
"META5",39,"FAM160B2",0,2
"META5",39,"FGF17",1,86
"META5",39,"GFRA2",2,52
"META5",39,"HR",577,260317
"META5",39,"LGI3",0,30
"META5",39,"LOC100507071",0,0
"META5",39,"LOC100507156",0,0
"META5",39,"LOC101929237",0,0
"META5",39,"LOC107986876",0,0
"META5",39,"LOC254896",0,0
"META5",39,"LOC286059",0,0
"META5",39,"LOC389641",0,8
"META5",39,"LOXL2",0,355
"META5",39,"MIR320A",0,18
"META5",39,"NPM2",0,54
"META5",39,"NUDT18",0,4
"META5",39,"PDLIM2",0,59
"META5",39,"PEBP4",0,33
"META5",39,"PHYHIP",0,8
"META5",39,"PIWIL2",0,183
"META5",39,"POLR3D",0,5
"META5",39,"PPP3CC",2,59
"META5",39,"R3HCC1",0,1
"META5",39,"REEP4",0,7
"META5",39,"RHOBTB2",0,49
"META5",39,"SFTPC",0,241
"META5",39,"SLC25A37",1,28
"META5",39,"SLC39A14",2,91
"META5",39,"SORBS3",2,15
"META5",39,"TNFRSF10A",0,78
"META5",39,"TNFRSF10B",0,130
"META5",39,"TNFRSF10C",0,39
"META5",39,"TNFRSF10D",0,38
"META5",39,"XPO7",0,18
"META5",40,"ADCY8",0,57
"META5",40,"ASAP1",0,149
"META5",40,"ASAP1-IT1",0,4
"META5",40,"ASAP1-IT2",0,0
"META5",40,"CCDC26",0,58
"META5",40,"FAM49B",0,15
"META5",40,"GSDMC",0,20
"META5",40,"LINC00976",0,1
"META5",40,"LINC00977",0,1
"META5",40,"MIR3686",0,1
"META5",40,"MIR5194",0,0
"META5",41,"ADAMTSL1",0,22
"META5",41,"BNC2",0,86
"META5",41,"BNC2-AS1",0,1
"META5",41,"CNTLN",0,8
"META5",41,"MIR3152",0,0
"META5",41,"SH3GL2",5,54
"META5",42,"ANKRD18B",0,2
"META5",42,"ANXA2P2",0,8
"META5",42,"AQP3",0,1004
"META5",42,"AQP7",0,286
"META5",42,"ARID3C",0,4
"META5",42,"B4GALT1",0,100
"META5",42,"B4GALT1-AS1",0,5
"META5",42,"BAG1",3,345
"META5",42,"C9orf131",0,0
"META5",42,"C9orf24",0,3
"META5",42,"CCL19",0,1147
"META5",42,"CCL21",0,1296
"META5",42,"CCL27",0,277
"META5",42,"CHMP5",0,35
"META5",42,"CNTFR",0,143
"META5",42,"CNTFR-AS1",0,1
"META5",42,"DCAF12",0,10
"META5",42,"DCTN3",0,14
"META5",42,"DNAI1",0,67
"META5",42,"DNAJB5",1,12
"META5",42,"DNAJB5-DT",0,0
"META5",42,"ENHO",0,30
"META5",42,"FAM205A",0,1
"META5",42,"FAM205BP",0,0
"META5",42,"FAM205C",0,0
"META5",42,"FAM219A",0,0
"META5",42,"GALT",1,1930
"META5",42,"IL11RA",0,54
"META5",42,"KIF24",0,15
"META5",42,"LINC01251",0,0
"META5",42,"LOC730098",0,0
"META5",42,"MIR12117",0,0
"META5",42,"MIR6851",0,0
"META5",42,"MYORG",0,37
"META5",42,"NFX1",0,39
"META5",42,"NOL6",0,4
"META5",42,"NUDT2",0,15
"META5",42,"PHF24",0,3
"META5",42,"PRSS3",0,47
"META5",42,"PTENP1",0,63
"META5",42,"PTENP1-AS",0,0
"META5",42,"RPP25L",0,0
"META5",42,"SIGMAR1",2,111
"META5",42,"SMU1",0,20
"META5",42,"SNORD121A",0,0
"META5",42,"SNORD121B",0,0
"META5",42,"SPINK4",0,12
"META5",42,"SUGT1P1",0,0
"META5",42,"UBAP1",0,36
"META5",42,"UBAP2",0,25
"META5",42,"UBE2R2",0,14
"META5",43,"ACBD7",0,4
"META5",43,"ACBD7-DCLRE1CP1",0,0
"META5",43,"C1QL3",1,20
"META5",43,"CDNF",60,99
"META5",43,"DCLRE1C",0,52
"META5",43,"DCLRE1CP1",0,0
"META5",43,"FAM107B",0,6
"META5",43,"FAM171A1",0,4
"META5",43,"HSPA14",0,19
"META5",43,"ITGA8",5,82
"META5",43,"MEIG1",0,16
"META5",43,"MINDY3",0,0
"META5",43,"NMT2",0,43
"META5",43,"OLAH",0,55
"META5",43,"PPIAP30",0,0
"META5",43,"PTER",0,1444
"META5",43,"RPP38",0,30
"META5",43,"RPP38-DT",0,0
"META5",43,"SUV39H2",0,104
"META5",44,"ACTR1A",1,10
"META5",44,"ARL3",0,103
"META5",44,"ARMH3",0,0
"META5",44,"AS3MT",0,209
"META5",44,"BORCS7",0,11
"META5",44,"BORCS7-ASMT",0,0
"META5",44,"BTRC",0,89
"META5",44,"C10orf95",0,0
"META5",44,"CNNM2",1,68
"META5",44,"CUEDC2",0,35
"META5",44,"CYP17A1",0,1187
"META5",44,"DPCD",0,39
"META5",44,"ELOVL3",0,74
"META5",44,"FBXL15",0,4
"META5",44,"FBXW4",0,20
"META5",44,"FGF8",42,1432
"META5",44,"GBF1",2,192
"META5",44,"HPS6",0,43
"META5",44,"KCNIP2",0,21
"META5",44,"KCNIP2-AS1",0,0
"META5",44,"LDB1",0,211
"META5",44,"LINC02681",0,0
"META5",44,"LOC107984265",0,0
"META5",44,"MFSD13A",0,2
"META5",44,"MIR146B",0,30
"META5",44,"MIR3158-1",0,0
"META5",44,"MIR3158-2",0,0
"META5",44,"NFKB2",0,304
"META5",44,"NOLC1",0,34
"META5",44,"NPM3",1,27
"META5",44,"NT5C2",0,93
"META5",44,"OGA",6,466
"META5",44,"PITX3",160,368
"META5",44,"POLL",1,1957
"META5",44,"PPRC1",0,12
"META5",44,"PSD",83,8241
"META5",44,"RPARP-AS1",0,1
"META5",44,"RPEL1",0,3
"META5",44,"SFXN2",0,9
"META5",44,"SUFU",2,503
"META5",44,"TRIM8",1,61
"META5",44,"WBP1L",0,9
"META5",45,"BAG3",6,524
"META5",45,"CACUL1",0,10
"META5",45,"EIF3A",0,147
"META5",45,"FAM45A",0,3
"META5",45,"GRK5",14,393
"META5",45,"INPP5F",4,33
"META5",45,"LINC01561",0,3
"META5",45,"MCMBP",0,2
"META5",45,"MIR4681",0,0
"META5",45,"MIR4682",0,0
"META5",45,"NANOS1",0,61
"META5",45,"PLPP4",0,4
"META5",45,"PRDX3",3,169
"META5",45,"RGS10",7,93
"META5",45,"RPL21",0,31
"META5",45,"SEC23IP",0,15
"META5",45,"SFXN4",0,8
"META5",45,"SNORA19",0,2
"META5",45,"TIAL1",0,29
"META5",45,"WDR11-AS1",0,2
"META5",46,"ADM",10,5448
"META5",46,"AMPD3",0,57
"META5",46,"CAND1.11",0,0
"META5",46,"CSNK2A3",0,2
"META5",46,"CTR9",0,62
"META5",46,"EIF4G2",0,68
"META5",46,"GALNT18",0,6
"META5",46,"LINC02709",0,0
"META5",46,"LOC101928008",0,0
"META5",46,"LOC101928053",0,0
"META5",46,"LYVE1",0,154
"META5",46,"MIR4485",0,0
"META5",46,"MRVI1",0,22
"META5",46,"MRVI1-AS1",0,1
"META5",46,"MTRNR2L8",0,3
"META5",46,"RNF141",0,6
"META5",46,"SBF2",0,84
"META5",46,"SBF2-AS1",0,35
"META5",46,"SNORD97",0,3
"META5",46,"SWAP70",0,33
"META5",46,"WEE1",0,1290
"META5",46,"ZBED5",0,4
"META5",46,"ZBED5-AS1",0,1
"META5",47,"ANKRD42",0,1
"META5",47,"CCDC90B",0,2
"META5",47,"DDIAS",0,20
"META5",47,"DLG2",4,93
"META5",47,"LOC100506282",0,0
"META5",47,"PCF11",0,78
"META5",47,"PCF11-AS1",0,0
"META5",47,"PRCP",0,116
"META5",47,"RAB30",0,20
"META5",47,"RAB30-DT",0,1
"META5",47,"SNORA70E",0,0
"META5",48,"ACAD8",0,20
"META5",48,"B3GAT1",0,19
"META5",48,"GLB1L2",0,5
"META5",48,"GLB1L3",0,3
"META5",48,"IGSF9B",0,11
"META5",48,"JAM3",0,61
"META5",48,"LINC02714",0,0
"META5",48,"LINC02731",0,0
"META5",48,"LINC02743",0,0
"META5",48,"LOC283177",0,2
"META5",48,"MIR4697",8,10
"META5",48,"MIR4697HG",0,3
"META5",48,"NCAPD3",0,13
"META5",48,"OPCML",0,84
"META5",48,"SNORD153",0,0
"META5",48,"SPATA19",1,11
"META5",48,"THYN1",0,5
"META5",48,"VPS26B",1,13
"META5",49,"ABCD2",1,296
"META5",49,"C12orf40",0,1
"META5",49,"CNTN1",2,107
"META5",49,"KIF21A",0,86
"META5",49,"LINC02471",0,2
"META5",49,"LRRK2",2003,2478
"META5",49,"MUC19",2,57
"META5",49,"PDZRN4",0,9
"META5",49,"SLC2A13",2,14
"META5",50,"ANO6",0,74
"META5",50,"ARID2",0,143
"META5",50,"DBX2",0,17
"META5",50,"LINC00938",0,2
"META5",50,"LOC100288798",0,1
"META5",50,"PLEKHA8P1",0,1
"META5",50,"RACGAP1P",0,3
"META5",50,"SCAF11",0,5
"META5",50,"SLC38A1",1,85
"META5",50,"SLC38A2",0,100
"META5",50,"SLC38A4",0,57
"META5",51,"ABCB9",1,46
"META5",51,"ARL6IP4",0,4
"META5",51,"ATP6V0A2",0,53
"META5",51,"B3GNT4",0,5
"META5",51,"BCL7A",0,37
"META5",51,"C12orf65",0,30
"META5",51,"CCDC62",14,22
"META5",51,"CDK2AP1",0,49
"META5",51,"CLIP1",0,30
"META5",51,"CLIP1-AS1",0,0
"META5",51,"DDX55",0,4
"META5",51,"DENR",0,33
"META5",51,"DIABLO",3,964
"META5",51,"DNAH10",0,14
"META5",51,"EIF2B1",0,50
"META5",51,"GTF2H3",0,5
"META5",51,"HCAR1",0,36
"META5",51,"HCAR2",2,38
"META5",51,"HCAR3",0,15
"META5",51,"HIP1R",12,87
"META5",51,"IL31",0,42
"META5",51,"KMT5A",0,37
"META5",51,"KNTC1",0,17
"META5",51,"LOC100506691",0,1
"META5",51,"LOC101593348",0,0
"META5",51,"LRRC43",0,0
"META5",51,"MIR3908",0,0
"META5",51,"MIR4304",0,1
"META5",51,"MIR8072",0,0
"META5",51,"MIR9902-1",0,0
"META5",51,"MIR9902-2",0,0
"META5",51,"MLXIP",0,18
"META5",51,"MPHOSPH9",0,16
"META5",51,"OGFOD2",0,2
"META5",51,"PITPNM2",0,6
"META5",51,"PITPNM2-AS1",0,0
"META5",51,"PSMD9",0,38
"META5",51,"RILPL1",5,7
"META5",51,"RILPL2",5,15
"META5",51,"RSRC2",0,6
"META5",51,"SBNO1",0,9
"META5",51,"SBNO1-AS1",0,0
"META5",51,"SNORA9B",0,0
"META5",51,"SNRNP35",0,1
"META5",51,"TCTN2",0,21
"META5",51,"TMED2",0,28
"META5",51,"TMED2-DT",0,0
"META5",51,"VPS33A",1,35
"META5",51,"VPS37B",0,14
"META5",51,"WDR66",0,17
"META5",51,"ZCCHC8",0,17
"META5",52,"ANHX",0,2
"META5",52,"ANKLE2",0,11
"META5",52,"CHFR",0,249
"META5",52,"DDX51",0,6
"META5",52,"EP400",0,42
"META5",52,"EP400P1",0,0
"META5",52,"FBRSL1",0,5
"META5",52,"GALNT9",0,14
"META5",52,"GOLGA3",0,19
"META5",52,"LINC02361",0,0
"META5",52,"LINC02414",0,0
"META5",52,"LOC100130238",0,0
"META5",52,"LOC101928416",0,0
"META5",52,"LOC101928530",0,0
"META5",52,"LOC101928597",0,0
"META5",52,"LRCOL1",0,0
"META5",52,"MIR6763",0,0
"META5",52,"MMP17",0,29
"META5",52,"NOC4L",0,4
"META5",52,"P2RX2",0,31
"META5",52,"PGAM5",4,124
"META5",52,"POLE",241,25882
"META5",52,"PUS1",0,55
"META5",52,"PXMP2",0,12
"META5",52,"SFSWAP",0,4
"META5",52,"SNORA49",0,0
"META5",52,"ULK1",27,1455
"META5",52,"ZNF10",1,12
"META5",52,"ZNF140",0,4
"META5",52,"ZNF26",0,1
"META5",52,"ZNF268",0,21
"META5",52,"ZNF605",0,1
"META5",52,"ZNF84",0,5
"META5",52,"ZNF891",0,0
"META5",53,"ARL11",0,6
"META5",53,"CAB39L",1,15
"META5",53,"CDADC1",0,1
"META5",53,"CTAGE10P",0,0
"META5",53,"CYSLTR2",0,81
"META5",53,"DLEU1",0,63
"META5",53,"DLEU2",1,80
"META5",53,"EBPL",0,3
"META5",53,"FNDC3A",0,15
"META5",53,"KCNRG",0,16
"META5",53,"KPNA3",1,35
"META5",53,"LINC00462",0,6
"META5",53,"LOC105370203",0,0
"META5",53,"LPAR6",0,66
"META5",53,"MIR15A",0,66
"META5",53,"MIR16-1",0,19
"META5",53,"MIR3613",0,3
"META5",53,"MLNR",0,63
"META5",53,"PHF11",0,42
"META5",53,"RB1",15,4867
"META5",53,"RCBTB1",0,15
"META5",53,"RCBTB2",0,14
"META5",53,"SETDB2",0,49
"META5",53,"SETDB2-PHF11",0,0
"META5",53,"SPRYD7",0,4
"META5",53,"ST13P4",0,0
"META5",53,"TRIM13",1,26
"META5",54,"FARP1",0,25
"META5",54,"HS6ST3",0,17
"META5",54,"IPO5",0,28
"META5",54,"LINC00359",0,0
"META5",54,"LINC00456",0,0
"META5",54,"MBNL2",1,74
"META5",54,"MIR3170",0,0
"META5",54,"MIR4501",0,0
"META5",54,"OXGR1",0,17
"META5",54,"RAP2A",0,73
"META5",54,"RNF113B",0,2
"META5",55,"CLEC14A",0,31
"META5",55,"FOXA1",8,1018
"META5",55,"LINC00517",0,1
"META5",55,"MIPOL1",0,16
"META5",55,"MIR4503",0,0
"META5",55,"NKX2-1",1,803
"META5",55,"NKX2-1-AS1",0,6
"META5",55,"NKX2-8",0,24
"META5",55,"PAX9",0,384
"META5",55,"SLC25A21",0,17
"META5",55,"SLC25A21-AS1",0,1
"META5",55,"SSTR1",3,465
"META5",55,"TTC6",0,4
"META5",56,"ATG14",0,244
"META5",56,"BMP4",6,3424
"META5",56,"CDKN3",1,112
"META5",56,"CGRRF1",0,8
"META5",56,"CNIH1",0,0
"META5",56,"DLGAP5",0,68
"META5",56,"FBXO34",0,1
"META5",56,"GCH1",58,401
"META5",56,"GMFB",1,27
"META5",56,"KTN1",1,43
"META5",56,"KTN1-AS1",0,7
"META5",56,"LGALS3",0,269
"META5",56,"LINC00520",0,18
"META5",56,"MAPK1IP1L",0,3
"META5",56,"MIR4308",0,0
"META5",56,"MIR5580",0,0
"META5",56,"RPL13AP3",0,0
"META5",56,"SAMD4A",0,18
"META5",56,"SOCS4",0,59
"META5",56,"TBPL2",0,8
"META5",56,"WDHD1",1,23
"META5",57,"ABCD4",0,41
"META5",57,"ACYP1",0,10
"META5",57,"ALDH6A1",0,36
"META5",57,"AREL1",0,8
"META5",57,"BATF",0,238
"META5",57,"BBOF1",0,1
"META5",57,"COQ6",0,76
"META5",57,"DLST",3,233
"META5",57,"EIF2B2",0,42
"META5",57,"ENTPD5",0,37
"META5",57,"ERG28",0,17
"META5",57,"FAM161B",0,5
"META5",57,"FCF1",0,6
"META5",57,"FLVCR2",0,22
"META5",57,"FOS",166,30211
"META5",57,"ISCA2",0,36
"META5",57,"JDP2",0,136
"META5",57,"LIN52",0,21
"META5",57,"LINC01220",0,1
"META5",57,"LOC102724153",0,0
"META5",57,"LTBP2",0,133
"META5",57,"MIR4709",0,0
"META5",57,"MLH3",0,211
"META5",57,"NEK9",0,60
"META5",57,"NPC2",4,497
"META5",57,"PGF",5,4994
"META5",57,"PROX2",0,11
"META5",57,"RPS6KL1",0,5
"META5",57,"SYNDIG1L",0,4
"META5",57,"TMED10",0,25
"META5",57,"TTLL5",0,14
"META5",57,"VRTN",0,31
"META5",57,"VSX2",0,78
"META5",57,"YLPM1",0,5
"META5",57,"ZC2HC1C",0,1
"META5",57,"ZNF410",0,10
"META5",58,"EML5",0,11
"META5",58,"GALC",12,619
"META5",58,"GPR65",1,62
"META5",58,"KCNK10",0,27
"META5",58,"LINC01146",0,1
"META5",58,"LINC01147",0,0
"META5",58,"LINC02330",0,0
"META5",58,"PTPN21",0,27
"META5",58,"SPATA7",0,35
"META5",58,"TTC8",0,20
"META5",58,"ZC3H14",1,24
"META5",59,"C2CD4A",0,13
"META5",59,"C2CD4B",0,22
"META5",59,"GOLGA2P11",0,0
"META5",59,"LINC02349",0,1
"META5",59,"LOC101928907",0,0
"META5",59,"LOC107984784",0,0
"META5",59,"MGC15885",0,0
"META5",59,"MIR6085",0,0
"META5",59,"MIR8067",0,0
"META5",59,"RORA",0,360
"META5",59,"TLN2",0,28
"META5",59,"VPS13C",22,54
"META5",60,"ABCC6P1",0,3
"META5",60,"ARL6IP1",0,23
"META5",60,"CCP110",0,5
"META5",60,"CLEC19A",0,3
"META5",60,"COQ7",2,88
"META5",60,"GDE1",0,23
"META5",60,"GPR139",4,36
"META5",60,"GPRC5B",0,48
"META5",60,"IQCK",0,6
"META5",60,"ITPRIPL2",0,1
"META5",60,"KNOP1",0,2
"META5",60,"LOC100288162",0,0
"META5",60,"LOC102723385",0,0
"META5",60,"MIR3179-1",0,0
"META5",60,"MIR3179-2",0,0
"META5",60,"MIR3179-3",0,0
"META5",60,"MIR3179-4",0,0
"META5",60,"MIR3180-1",0,0
"META5",60,"MIR3180-2",0,1
"META5",60,"MIR3180-3",0,1
"META5",60,"MIR3670-1",0,0
"META5",60,"MIR3670-2",0,0
"META5",60,"MIR3670-3",0,0
"META5",60,"MIR3670-4",0,0
"META5",60,"MIR6511A1",0,0
"META5",60,"MIR6511A2",0,0
"META5",60,"MIR6511A3",0,0
"META5",60,"MIR6511A4",0,0
"META5",60,"MIR6770-1",0,0
"META5",60,"MIR6770-2",0,0
"META5",60,"MIR6770-3",0,0
"META5",60,"NOMO2",0,3
"META5",60,"NPIPA7",0,0
"META5",60,"NPIPA8",0,0
"META5",60,"PKD1P4-NPIPA8",0,0
"META5",60,"PKD1P5-LOC105376752",0,0
"META5",60,"RPS15A",1,47
"META5",60,"SMG1",1,115
"META5",60,"SYT17",0,2
"META5",60,"TMC5",0,10
"META5",60,"TMC7",0,6
"META5",60,"VPS35L",0,2
"META5",61,"APOBR",0,9
"META5",61,"ASPHD1",0,0
"META5",61,"ATP2A1",0,92
"META5",61,"ATP2A1-AS1",0,0
"META5",61,"ATXN2L",0,18
"META5",61,"BOLA2",0,14
"META5",61,"BOLA2B",0,1
"META5",61,"BOLA2-SMG1P6",0,0
"META5",61,"C16orf54",0,0
"META5",61,"CD19",14,11864
"META5",61,"CDIPT",0,12
"META5",61,"CDIPTOSP",0,0
"META5",61,"CLN3",2,712
"META5",61,"EIF3C",0,66
"META5",61,"EIF3CL",0,1
"META5",61,"GSG1L",0,23
"META5",61,"IL27",0,136
"META5",61,"KCTD13",0,17
"META5",61,"KIF22",0,27
"META5",61,"LAT",9,3861
"META5",61,"LOC388242",0,0
"META5",61,"LOC606724",0,1
"META5",61,"LOC613038",0,0
"META5",61,"MAZ",2,254
"META5",61,"MIR3680-1",0,0
"META5",61,"MIR3680-2",0,0
"META5",61,"MIR4517",0,0
"META5",61,"MIR4721",0,1
"META5",61,"MIR6862-1",0,0
"META5",61,"MIR6862-2",0,0
"META5",61,"MVP",2,2083
"META5",61,"NFATC2IP",0,6
"META5",61,"NPIPB11",0,0
"META5",61,"NPIPB12",0,0
"META5",61,"NPIPB6",0,1
"META5",61,"NPIPB8",0,2
"META5",61,"NPIPB9",0,0
"META5",61,"NUPR1",0,158
"META5",61,"PAGR1",0,5
"META5",61,"PRRT2",0,273
"META5",61,"QPRT",0,54
"META5",61,"RABEP2",0,12
"META5",61,"RRN3P2",0,0
"META5",61,"SBK1",0,11
"META5",61,"SEZ6L2",0,21
"META5",61,"SGF29",0,27
"META5",61,"SH2B1",0,177
"META5",61,"SLX1A",0,2
"META5",61,"SLX1A-SULT1A3",0,0
"META5",61,"SLX1B",0,1
"META5",61,"SLX1B-SULT1A4",0,0
"META5",61,"SMG1P2",0,0
"META5",61,"SMG1P6",0,0
"META5",61,"SNX29P2",0,1
"META5",61,"SPN",22,1938
"META5",61,"SPNS1",0,13
"META5",61,"SULT1A1",1,626
"META5",61,"SULT1A2",0,82
"META5",61,"SULT1A3",1,149
"META5",61,"SULT1A4",1,6
"META5",61,"TUFM",3,62
"META5",61,"XPO6",0,10
"META5",61,"ZG16",0,25
"META5",62,"AHSP",0,121
"META5",62,"ALDOA",2,162
"META5",62,"ARMC5",0,80
"META5",62,"BCKDK",4,36
"META5",62,"BCL7C",1,14
"META5",62,"BOLA2",0,14
"META5",62,"BOLA2B",0,1
"META5",62,"C16orf58",0,0
"META5",62,"C16orf92",0,0
"META5",62,"CCDC189",0,1
"META5",62,"CD2BP2",0,27
"META5",62,"CLUHP3",0,0
"META5",62,"CORO1A",0,69
"META5",62,"COX6A2",0,27
"META5",62,"CTF1",0,70
"META5",62,"DCTPP1",0,18
"META5",62,"DOC2A",0,16
"META5",62,"FBRS",0,80
"META5",62,"FBXL19",0,43
"META5",62,"FBXL19-AS1",0,16
"META5",62,"FRG2KP",0,0
"META5",62,"FUS",65,3207
"META5",62,"GDPD3",0,7
"META5",62,"HIRIP3",0,6
"META5",62,"HSD3B7",2,32
"META5",62,"INO80E",0,6
"META5",62,"ITGAD",0,10
"META5",62,"ITGAL",0,94
"META5",62,"ITGAM",0,277
"META5",62,"ITGAX",0,110
"META5",62,"KAT8",0,83
"META5",62,"LINC02190",0,0
"META5",62,"LOC101928595",0,0
"META5",62,"LOC112694756",0,0
"META5",62,"LOC388242",0,0
"META5",62,"LOC606724",0,1
"META5",62,"LOC613038",0,0
"META5",62,"LOC730183",0,0
"META5",62,"MAPK3",1,483
"META5",62,"MIR4518",0,0
"META5",62,"MIR4519",0,0
"META5",62,"MIR762",0,2
"META5",62,"MIR762HG",0,0
"META5",62,"MYLPF",0,22
"META5",62,"NPIPB12",0,0
"META5",62,"NPIPB13",0,0
"META5",62,"ORAI3",0,180
"META5",62,"PHKG2",0,31
"META5",62,"PPP4C",0,24
"META5",62,"PRR14",1,10
"META5",62,"PRSS36",0,2
"META5",62,"PRSS53",0,6
"META5",62,"PRSS8",0,57
"META5",62,"PYCARD",2,168
"META5",62,"PYCARD-AS1",0,1
"META5",62,"PYDC1",0,6
"META5",62,"RNF40",0,52
"META5",62,"SEPHS2",0,20
"META5",62,"SEPTIN1",1,4
"META5",62,"SETD1A",0,89
"META5",62,"SLC5A2",0,83
"META5",62,"SLX1A",0,2
"META5",62,"SLX1A-SULT1A3",0,0
"META5",62,"SLX1B",0,1
"META5",62,"SLX1B-SULT1A4",0,0
"META5",62,"SMG1P5",0,0
"META5",62,"SNORA30",0,1
"META5",62,"SNORA80C",0,0
"META5",62,"SRCAP",0,102
"META5",62,"STX1B",7,103
"META5",62,"STX4",1,48
"META5",62,"SULT1A3",1,149
"META5",62,"SULT1A4",1,6
"META5",62,"TAOK2",1,22
"META5",62,"TBC1D10B",0,5
"META5",62,"TBX6",0,185
"META5",62,"TGFB1I1",0,26
"META5",62,"TLCD3B",0,1
"META5",62,"TMEM219",0,6
"META5",62,"TMEM265",0,0
"META5",62,"TRIM72",0,67
"META5",62,"VKORC1",0,1213
"META5",62,"VN1R3",0,0
"META5",62,"YBX3P1",0,1
"META5",62,"YPEL3",0,16
"META5",62,"ZNF267",0,8
"META5",62,"ZNF48",0,1
"META5",62,"ZNF629",0,0
"META5",62,"ZNF646",2,3
"META5",62,"ZNF668",0,8
"META5",62,"ZNF688",0,3
"META5",62,"ZNF689",0,4
"META5",62,"ZNF720",0,0
"META5",62,"ZNF747",0,0
"META5",62,"ZNF764",0,2
"META5",62,"ZNF768",0,2
"META5",62,"ZNF771",0,2
"META5",62,"ZNF785",0,0
"META5",62,"ZNF843",0,0
"META5",63,"ADCY7",0,27
"META5",63,"BRD7",0,119
"META5",63,"CNEP1R1",0,0
"META5",63,"CYLD",4,655
"META5",63,"HEATR3",0,4
"META5",63,"LINC02127",0,0
"META5",63,"LINC02168",0,0
"META5",63,"LINC02178",0,2
"META5",63,"LOC101927272",0,0
"META5",63,"MIR3181",0,0
"META5",63,"MIR6771",0,0
"META5",63,"NKD1",0,87
"META5",63,"NOD2",11,2841
"META5",63,"SALL1",1,238
"META5",63,"SNX20",0,6
"META5",63,"TENT4B",0,6
"META5",63,"ZNF423",0,63
"META5",64,"AKTIP",0,22
"META5",64,"C16orf97",1,1
"META5",64,"CASC16",0,10
"META5",64,"CASC22",0,0
"META5",64,"CHD9",0,27
"META5",64,"LINC00919",0,0
"META5",64,"LINC01571",0,0
"META5",64,"LINC02180",0,0
"META5",64,"LOC102723373",0,0
"META5",64,"LOC105371267",0,0
"META5",64,"LOC643802",0,0
"META5",64,"RBL2",0,134
"META5",64,"RPGRIP1L",0,118
"META5",64,"TOX3",2,130
"META5",65,"AKTIP",0,22
"META5",65,"C16orf97",1,1
"META5",65,"CASC16",0,10
"META5",65,"CASC22",0,0
"META5",65,"CHD9",0,27
"META5",65,"FTO",5,3206
"META5",65,"LINC00919",0,0
"META5",65,"LINC02180",0,0
"META5",65,"LOC102723373",0,0
"META5",65,"LOC105371267",0,0
"META5",65,"LOC643802",0,0
"META5",65,"RBL2",0,134
"META5",65,"RPGRIP1L",0,118
"META5",65,"TOX3",2,130
"META5",66,"ACADVL",0,116
"META5",66,"ACAP1",0,36
"META5",66,"ALOX12",2,139
"META5",66,"ALOX12-AS1",0,1
"META5",66,"ALOX12B",0,64
"META5",66,"ALOX12P2",0,1
"META5",66,"ALOX15B",0,58
"META5",66,"ALOX15P1",0,0
"META5",66,"ALOXE3",0,64
"META5",66,"ARHGEF15",0,11
"META5",66,"ASGR1",0,53
"META5",66,"ASGR2",0,9
"META5",66,"ATP1B2",0,42
"META5",66,"AURKB",0,362
"META5",66,"BCL6B",0,54
"META5",66,"BORCS6",0,3
"META5",66,"C17orf100",0,0
"META5",66,"C17orf49",0,1
"META5",66,"CD68",50,11222
"META5",66,"CHD3",0,197
"META5",66,"CHRNB1",0,40
"META5",66,"CLDN7",0,89
"META5",66,"CLEC10A",1,45
"META5",66,"CNTROB",0,7
"META5",66,"CTC1",0,125
"META5",66,"CTDNEP1",0,9
"META5",66,"CYB5D1",0,4
"META5",66,"DLG4",0,109
"META5",66,"DNAH2",0,13
"META5",66,"DVL2",0,322
"META5",66,"EFNB3",0,35
"META5",66,"EIF4A1",0,100
"META5",66,"EIF5A",0,406
"META5",66,"ELP5",0,15
"META5",66,"FBXO39",0,8
"META5",66,"FGF11",0,50
"META5",66,"FXR2",1,60
"META5",66,"GABARAP",8,429
"META5",66,"GPS2",0,85
"META5",66,"GUCY2D",0,160
"META5",66,"HES7",1,99
"META5",66,"KCNAB3",0,6
"META5",66,"KCTD11",0,29
"META5",66,"KDM6B",1,219
"META5",66,"KIAA0753",0,10
"META5",66,"KRBA2",0,3
"META5",66,"LINC00324",0,23
"META5",66,"LOC100128288",0,0
"META5",66,"LOC100996842",0,0
"META5",66,"MED31",0,22
"META5",66,"MIR195",1,39
"META5",66,"MIR324",0,1
"META5",66,"MIR4314",0,0
"META5",66,"MIR4520-1",0,0
"META5",66,"MIR4520-2",0,0
"META5",66,"MIR4521",0,1
"META5",66,"MIR497",0,19
"META5",66,"MIR497HG",0,6
"META5",66,"MIR6883",0,2
"META5",66,"MPDU1",0,18
"META5",66,"NAA38",0,6
"META5",66,"NDEL1",0,148
"META5",66,"NEURL4",1,17
"META5",66,"NLGN2",0,51
"META5",66,"ODF4",0,11
"META5",66,"PER1",6,1471
"META5",66,"PFAS",2,1831
"META5",66,"PHF23",0,18
"META5",66,"PITPNM3",0,23
"META5",66,"PLSCR3",0,14
"META5",66,"POLR2A",0,152
"META5",66,"RANGRF",0,8
"META5",66,"RNASEK",0,8
"META5",66,"RNASEK-C17orf49",0,0
"META5",66,"RNF222",0,0
"META5",66,"RNF227",0,0
"META5",66,"RPL26",0,60
"META5",66,"RPL29P2",0,0
"META5",66,"SAT2",0,268
"META5",66,"SCARNA21",0,0
"META5",66,"SENP3",0,96
"META5",66,"SENP3-EIF4A1",0,2
"META5",66,"SHBG",1,5287
"META5",66,"SLC13A5",0,65
"META5",66,"SLC16A11",0,23
"META5",66,"SLC16A13",0,6
"META5",66,"SLC25A35",0,2
"META5",66,"SLC2A4",0,236
"META5",66,"SLC35G6",0,1
"META5",66,"SNORA48",0,1
"META5",66,"SNORA67",0,1
"META5",66,"SNORD10",0,1
"META5",66,"SNORD118",0,21
"META5",66,"SOX15",0,55
"META5",66,"SPEM1",0,10
"META5",66,"SPEM2",0,0
"META5",66,"SPEM3",0,0
"META5",66,"TEKT1",0,21
"META5",66,"TMEM102",0,0
"META5",66,"TMEM107",0,12
"META5",66,"TMEM256",0,2
"META5",66,"TMEM256-PLSCR3",0,0
"META5",66,"TMEM88",0,19
"META5",66,"TMEM95",0,7
"META5",66,"TNFSF12",0,63
"META5",66,"TNFSF12-TNFSF13",0,1
"META5",66,"TNFSF13",0,90
"META5",66,"TNK1",0,36
"META5",66,"TP53",12,15700
"META5",66,"TRAPPC1",0,0
"META5",66,"TXNDC17",0,12
"META5",66,"VAMP2",11,527
"META5",66,"WRAP53",0,57
"META5",66,"XAF1",1,183
"META5",66,"YBX2",0,44
"META5",66,"ZBTB4",0,38
"META5",67,"AARSD1",0,5
"META5",67,"ACLY",3,316
"META5",67,"AOC2",0,26
"META5",67,"AOC3",0,57
"META5",67,"AOC4P",0,8
"META5",67,"ARL4D",0,17
"META5",67,"ATP6V0A1",1,19
"META5",67,"BECN1",5,871
"META5",67,"BRCA1",9,15842
"META5",67,"C17orf113",0,0
"META5",67,"CAVIN1",1,57
"META5",67,"CCDC200",0,0
"META5",67,"CCR10",0,322
"META5",67,"CNP",4,3109
"META5",67,"CNTD1",0,5
"META5",67,"CNTNAP1",0,36
"META5",67,"COA3",0,16
"META5",67,"COASY",2,37
"META5",67,"DHX58",0,38
"META5",67,"DHX8",0,9
"META5",67,"DNAJC7",0,12
"META5",67,"EIF1",1,161
"META5",67,"ETV4",0,257
"META5",67,"EZH1",0,185
"META5",67,"FKBP10",0,91
"META5",67,"G6PC",1,374
"META5",67,"GAST",1,199
"META5",67,"GHDC",0,11
"META5",67,"HAP1",3,536
"META5",67,"HCRT",4,426
"META5",67,"HSD17B1",0,197
"META5",67,"HSPB9",0,15
"META5",67,"IFI35",2,28
"META5",67,"JUP",1,163
"META5",67,"KAT2A",0,92
"META5",67,"KCNH4",0,10
"META5",67,"KLHL10",0,19
"META5",67,"KLHL11",0,13
"META5",67,"KRT14",0,290
"META5",67,"KRT16",0,118
"META5",67,"KRT17",0,159
"META5",67,"KRT42P",0,0
"META5",67,"LINC00671",0,3
"META5",67,"LINC00910",0,1
"META5",67,"LOC101929767",0,0
"META5",67,"LOC108783654",0,0
"META5",67,"MEOX1",0,73
"META5",67,"MIR2117",0,1
"META5",67,"MIR2117HG",0,0
"META5",67,"MIR5010",0,0
"META5",67,"MIR548AT",0,0
"META5",67,"MIR6780A",0,0
"META5",67,"MIR6781",0,0
"META5",67,"MLX",1,213
"META5",67,"NAGLU",1,152
"META5",67,"NBR1",6,245
"META5",67,"NBR2",0,41
"META5",67,"NKIRAS2",0,12
"META5",67,"NT5C3B",0,2
"META5",67,"P3H4",0,7
"META5",67,"PLEKHH3",0,2
"META5",67,"PSMC3IP",0,19
"META5",67,"PSME3",0,33
"META5",67,"PTGES3L",0,2
"META5",67,"PTGES3L-AARSD1",0,0
"META5",67,"RAB5C",0,59
"META5",67,"RAMP2",0,347
"META5",67,"RAMP2-AS1",0,5
"META5",67,"RETREG3",0,0
"META5",67,"RND2",0,54
"META5",67,"RPL27",0,42
"META5",67,"RUNDC1",0,3
"META5",67,"STAT3",62,24879
"META5",67,"STAT5A",2,1113
"META5",67,"STAT5B",2,1091
"META5",67,"TMEM106A",0,10
"META5",67,"TTC25",0,12
"META5",67,"TUBG1",0,34
"META5",67,"TUBG2",0,12
"META5",67,"VAT1",0,19
"META5",67,"VPS25",0,37
"META5",67,"WNK4",0,363
"META5",67,"ZNF385C",0,1
"META5",68,"ACBD4",0,6
"META5",68,"ADAM11",0,24
"META5",68,"ARL4D",0,17
"META5",68,"ASB16",0,15
"META5",68,"ASB16-AS1",0,12
"META5",68,"ATXN7L3",0,14
"META5",68,"C17orf53",0,6
"META5",68,"C1QL1",0,16
"META5",68,"CCDC103",0,16
"META5",68,"CCDC200",0,0
"META5",68,"CCDC43",0,4
"META5",68,"CD300LG",0,17
"META5",68,"CFAP97D1",0,1
"META5",68,"DBF4B",0,3
"META5",68,"DCAKD",1,3
"META5",68,"DHX8",0,9
"META5",68,"DUSP3",0,47
"META5",68,"EFTUD2",2,69
"META5",68,"ETV4",0,257
"META5",68,"FAM171A2",1,2
"META5",68,"FAM187A",0,0
"META5",68,"FAM215A",0,4
"META5",68,"FMNL1",0,54
"META5",68,"FZD2",0,151
"META5",68,"G6PC3",0,102
"META5",68,"GFAP",418,17469
"META5",68,"GJC1",0,28
"META5",68,"GPATCH8",0,3
"META5",68,"GRN",33,1757
"META5",68,"HDAC5",1,566
"META5",68,"HEXIM1",0,175
"META5",68,"HEXIM2",0,13
"META5",68,"HIGD1B",0,5
"META5",68,"ITGA2B",0,165
"META5",68,"KIF18B",0,44
"META5",68,"LINC00910",0,1
"META5",68,"LINC01180",0,0
"META5",68,"LINC01976",0,0
"META5",68,"LOC101929767",0,0
"META5",68,"LOC105371789",0,0
"META5",68,"LOC105371795",0,0
"META5",68,"LOC339192",0,0
"META5",68,"LSM12",0,15
"META5",68,"MAP3K14",0,83
"META5",68,"MAP3K14-AS1",0,1
"META5",68,"MEIOC",0,5
"META5",68,"MEOX1",0,73
"META5",68,"MIR2117",0,1
"META5",68,"MIR2117HG",0,0
"META5",68,"MIR6782",0,0
"META5",68,"MIR6783",0,0
"META5",68,"MIR6784",0,0
"META5",68,"MPP2",0,51
"META5",68,"MPP3",0,31
"META5",68,"NAGS",0,150
"META5",68,"NBR1",6,245
"META5",68,"NBR2",0,41
"META5",68,"NMT1",1,189
"META5",68,"PLCD3",0,23
"META5",68,"PPY",3,3075
"META5",68,"PYY",2,2593
"META5",68,"RUNDC3A",0,5
"META5",68,"RUNDC3A-AS1",0,2
"META5",68,"SLC25A39",0,9
"META5",68,"SLC4A1",0,262
"META5",68,"SOST",0,771
"META5",68,"SPATA32",0,0
"META5",68,"TMEM101",0,2
"META5",68,"TMEM106A",0,10
"META5",68,"TMUB2",1,3
"META5",68,"UBTF",0,37
"META5",69,"ACBD4",0,6
"META5",69,"ADAM11",0,24
"META5",69,"ARHGAP27",1,10
"META5",69,"ARL17A",1,5
"META5",69,"ARL17B",1,2
"META5",69,"C1QL1",0,16
"META5",69,"CCDC103",0,16
"META5",69,"CCDC43",0,4
"META5",69,"CRHR1",4,601
"META5",69,"DBF4B",0,3
"META5",69,"DCAKD",1,3
"META5",69,"EFTUD2",2,69
"META5",69,"FAM187A",0,0
"META5",69,"FMNL1",0,54
"META5",69,"GFAP",418,17469
"META5",69,"GJC1",0,28
"META5",69,"HEXIM1",0,175
"META5",69,"HEXIM2",0,13
"META5",69,"HIGD1B",0,5
"META5",69,"KANSL1",6,71
"META5",69,"KANSL1-AS1",0,0
"META5",69,"KIF18B",0,44
"META5",69,"LINC02210",0,1
"META5",69,"LINC02210-CRHR1",0,1
"META5",69,"LOC105371795",0,0
"META5",69,"LOC339192",0,0
"META5",69,"LRRC37A",3,9
"META5",69,"LRRC37A2",2,6
"META5",69,"LRRC37A4P",0,0
"META5",69,"MAP3K14",0,83
"META5",69,"MAP3K14-AS1",0,1
"META5",69,"MAPK8IP1P2",0,1
"META5",69,"MAPT",229,1558
"META5",69,"MAPT-AS1",2,8
"META5",69,"MAPT-IT1",0,2
"META5",69,"MEIOC",0,5
"META5",69,"MIR4315-1",0,0
"META5",69,"MIR4315-2",0,0
"META5",69,"MIR6783",0,0
"META5",69,"MIR6784",0,0
"META5",69,"NMT1",1,189
"META5",69,"NSF",17,3149
"META5",69,"NSFP1",0,1
"META5",69,"PLCD3",0,23
"META5",69,"PLEKHM1",1,47
"META5",69,"SPATA32",0,0
"META5",69,"SPPL2C",2,14
"META5",69,"STH",8,1854
"META5",70,"ARL17A",1,5
"META5",70,"ARL17B",1,2
"META5",70,"CDC27",0,176
"META5",70,"CRHR1",4,601
"META5",70,"EFCAB13",0,3
"META5",70,"GOSR2",0,37
"META5",70,"ITGB3",0,510
"META5",70,"KANSL1",6,71
"META5",70,"KANSL1-AS1",0,0
"META5",70,"KPNB1",1,68
"META5",70,"LINC02210-CRHR1",0,1
"META5",70,"LRRC37A",3,9
"META5",70,"LRRC37A2",2,6
"META5",70,"MAPT",229,1558
"META5",70,"MAPT-AS1",2,8
"META5",70,"MAPT-IT1",0,2
"META5",70,"MIR5089",0,0
"META5",70,"MRPL45P2",0,0
"META5",70,"MYL4",1,38
"META5",70,"NPEPPS",0,15
"META5",70,"NSF",17,3149
"META5",70,"NSFP1",0,1
"META5",70,"RPRML",0,7
"META5",70,"SPPL2C",2,14
"META5",70,"STH",8,1854
"META5",70,"TBKBP1",0,20
"META5",70,"TBX21",2,414
"META5",70,"THCAT158",0,0
"META5",70,"WNT3",2,439
"META5",70,"WNT9B",0,142
"META5",71,"BCAS3",0,39
"META5",71,"BRIP1",0,361
"META5",71,"C17orf82",0,3
"META5",71,"EFCAB3",0,1
"META5",71,"INTS2",0,2
"META5",71,"LOC101927855",0,0
"META5",71,"LOC101927877",0,0
"META5",71,"LOC105371855",0,0
"META5",71,"MARCH10",0,4
"META5",71,"MED13",0,107
"META5",71,"METTL2A",0,0
"META5",71,"MRC2",1,62
"META5",71,"NACA2",0,7
"META5",71,"TBC1D3P2",0,0
"META5",71,"TBX2",0,354
"META5",71,"TBX2-AS1",0,0
"META5",71,"TBX4",0,175
"META5",71,"TLK2",0,36
"META5",72,"AFMID",0,10
"META5",72,"BIRC5",3,746
"META5",72,"C17orf99",0,1
"META5",72,"C1QTNF1",0,14
"META5",72,"C1QTNF1-AS1",0,5
"META5",72,"CANT1",0,37
"META5",72,"CEP295NL",0,0
"META5",72,"CYTH1",0,4
"META5",72,"DNAH17",0,21
"META5",72,"DNAH17-AS1",0,3
"META5",72,"ENGASE",0,72
"META5",72,"LGALS3BP",0,105
"META5",72,"LINC01973",0,0
"META5",72,"LINC01987",0,0
"META5",72,"LINC01993",0,0
"META5",72,"LOC100507351",0,0
"META5",72,"LOC101928674",0,0
"META5",72,"LOC400622",0,0
"META5",72,"PGS1",0,49
"META5",72,"RBFOX3",0,61
"META5",72,"SCAT1",0,3
"META5",72,"SEPTIN9",0,31
"META5",72,"SOCS3",3,2572
"META5",72,"SYNGR2",0,7
"META5",72,"TIMP2",0,889
"META5",72,"TK1",0,564
"META5",72,"TMC6",0,35
"META5",72,"TMC8",0,34
"META5",72,"TMEM235",0,1
"META5",72,"TNRC6C",0,27
"META5",72,"TNRC6C-AS1",0,6
"META5",72,"USP36",0,36
"META5",73,"ASXL3",0,59
"META5",73,"CCDC178",0,3
"META5",73,"DTNA",0,56
"META5",73,"KLHL14",0,14
"META5",73,"NOL4",0,15
"META5",74,"LINC00907",0,0
"META5",74,"RIT2",17,33
"META5",74,"SYT4",0,33
"META5",75,"CFAP53",0,3
"META5",75,"CXXC1",0,26
"META5",75,"ELAC1",0,10
"META5",75,"LINC01630",0,0
"META5",75,"MAPK4",1,45
"META5",75,"MBD1",0,222
"META5",75,"ME2",2,1130
"META5",75,"MEX3C",0,21
"META5",75,"MRO",0,183
"META5",75,"MYO5B",1,104
"META5",75,"SKA1",0,73
"META5",75,"SMAD4",2,4334
"META5",76,"ABHD17A",0,8
"META5",76,"ADAMTSL5",0,15
"META5",76,"ADAT3",0,18
"META5",76,"AMH",0,4444
"META5",76,"AP3D1",0,16
"META5",76,"APC2",0,178
"META5",76,"ATP8B3",0,9
"META5",76,"BTBD2",0,11
"META5",76,"C19orf25",0,0
"META5",76,"CELF5",0,3
"META5",76,"CSNK1G2",0,11
"META5",76,"CSNK1G2-AS1",0,0
"META5",76,"DAZAP1",0,45
"META5",76,"DIRAS1",1,14
"META5",76,"DOT1L",0,416
"META5",76,"GADD45B",2,300
"META5",76,"GAMT",1,229
"META5",76,"GNA11",1,381
"META5",76,"GNA15",0,22
"META5",76,"GNG7",0,39
"META5",76,"IZUMO4",0,2
"META5",76,"JSRP1",0,3
"META5",76,"KLF16",0,26
"META5",76,"LINC01775",0,0
"META5",76,"LINGO3",0,5
"META5",76,"LMNB2",0,49
"META5",76,"LOC100288123",0,0
"META5",76,"LOC100996351",0,0
"META5",76,"LSM7",0,22
"META5",76,"MBD3",1,230
"META5",76,"MEX3D",0,3
"META5",76,"MIR1227",0,1
"META5",76,"MIR1909",0,0
"META5",76,"MIR4321",0,0
"META5",76,"MIR6789",0,0
"META5",76,"MIR7108",0,0
"META5",76,"MIR7850",0,0
"META5",76,"MKNK2",0,33
"META5",76,"MOB3A",0,1
"META5",76,"NCLN",0,16
"META5",76,"NDUFS7",0,40
"META5",76,"OAZ1",0,65
"META5",76,"ONECUT3",0,6
"META5",76,"PCSK4",0,19
"META5",76,"PEAK3",0,7
"META5",76,"PLEKHJ1",0,1
"META5",76,"PLK5",0,16
"META5",76,"PWWP3A",0,0
"META5",76,"REEP6",0,15
"META5",76,"REXO1",0,2
"META5",76,"RPS15",3,118
"META5",76,"S1PR4",0,37
"META5",76,"SCAMP4",0,3
"META5",76,"SF3A2",0,8
"META5",76,"SGTA",1,59
"META5",76,"SLC39A3",0,11
"META5",76,"SPPL2B",1,23
"META5",76,"TCF3",2,498
"META5",76,"THOP1",1,17
"META5",76,"TIMM13",0,8
"META5",76,"TLE2",0,30
"META5",76,"TLE5",0,4
"META5",76,"TLE6",0,24
"META5",76,"TMPRSS9",0,9
"META5",76,"UQCR11",1,8
"META5",76,"ZNF554",0,2
"META5",76,"ZNF555",0,3
"META5",76,"ZNF556",0,1
"META5",76,"ZNF57",0,2
"META5",76,"ZNF77",0,6
"META5",77,"BMP2",13,3689
"META5",77,"CASC20",0,0
"META5",77,"CDS2",0,50
"META5",77,"CHGB",2,66
"META5",77,"CRLS1",0,12
"META5",77,"FERMT1",0,76
"META5",77,"GPCPD1",0,8
"META5",77,"LINC00654",0,5
"META5",77,"LINC00658",0,2
"META5",77,"LINC01713",0,0
"META5",77,"LINC01729",0,0
"META5",77,"LOC643406",0,0
"META5",77,"LRRN4",0,8
"META5",77,"MCM8",0,89
"META5",77,"MCM8-AS1",0,0
"META5",77,"PCNA",19,16207
"META5",77,"PCNA-AS1",0,5
"META5",77,"PROKR2",0,160
"META5",77,"SHLD1",0,19
"META5",77,"TMEM230",32,36
"META5",77,"TRMT6",0,9
"META5",78,"CLDN14",0,67
"META5",78,"DSCR10",0,2
"META5",78,"DSCR4",0,12
"META5",78,"DSCR8",0,6
"META5",78,"DSCR9",0,8
"META5",78,"DYRK1A",13,672
"META5",78,"ERG",28,10900
"META5",78,"HLCS",0,366
"META5",78,"KCNJ15",1,35
"META5",78,"KCNJ6",4,66
"META5",78,"LINC01423",0,0
"META5",78,"LOC105372795",0,0
"META5",78,"PIGP",0,26
"META5",78,"RIPPLY3",0,10
"META5",78,"SIM2",2,116
"META5",78,"TTC3",0,40
"META5",78,"TTC3-AS1",0,0
"META5",78,"VPS26C",0,2
"Progression",1,"ADRA2A",0,252
"Progression",1,"BBIP1",0,7
"Progression",1,"DUSP5",1,171
"Progression",1,"GPAM",0,119
"Progression",1,"HEAT2",0,4
"Progression",1,"MIR4680",0,0
"Progression",1,"MIR548E",0,0
"Progression",1,"MXI1",0,184
"Progression",1,"PDCD4",0,916
"Progression",1,"PDCD4-AS1",0,4
"Progression",1,"RBM20",0,117
"Progression",1,"RPL13AP6",0,0
"Progression",1,"SHOC2",0,121
"Progression",1,"SMC3",1,447
"Progression",1,"SMNDC1",0,9
"Progression",2,"ABCA1",10,3829
"Progression",2,"FKTN",0,78
"Progression",2,"FSD1L",0,2
"Progression",2,"NIPSNAP3A",0,1
"Progression",2,"NIPSNAP3B",0,3
"Progression",2,"OR13C2",0,0
"Progression",2,"OR13C3",0,0
"Progression",2,"OR13C4",0,1
"Progression",2,"OR13C5",0,2
"Progression",2,"OR13C8",0,2
"Progression",2,"OR13C9",0,1
"Progression",2,"OR13D1",0,0
"Progression",2,"OR13F1",0,0
"Progression",2,"RALGAPA1P1",0,0
"Progression",2,"SLC44A1",1,33
"Progression",2,"TAL2",0,42
"Progression",2,"TMEM38B",0,29
"Asian",1,"LOC101929109",0,0
"Asian",1,"F2RL2",0,14
"Asian",1,"NCRUPAR",0,2
"Asian",1,"SNORA47",0,6
"Asian",1,"HMGCR",3,1160
"Asian",1,"ANKDD1B",0,3
"Asian",1,"LOC441087",0,0
"Asian",1,"IQGAP2",0,87
"Asian",1,"F2RL1",0,55
"Asian",1,"CRHBP",0,102
"Asian",1,"ZBED3",0,24
"Asian",1,"AGGF1",0,67
"Asian",1,"POLK",0,177
"Asian",1,"COL4A3BP",0,11
"Asian",1,"POC5",0,18
"Asian",1,"F2R",1,99
"Asian",1,"ZBED3-AS1",0,7
"Asian",1,"S100Z",0,16
"Asian",1,"PDE8B",4,86
"Asian",1,"SV2C",11,69
"Asian",2,"MIR3914-1",0,0
"Asian",2,"MIR3914-2",0,0
"Asian",2,"GALNT17",0,3
"Asian",2,"CALN1",0,19
"Asian",2,"AUTS2",0,118
